model,year,price,transmission,mileage,fuelType,tax,mpg,engineSize,Make
 A1,2014,13995,Semi-Auto,15300,Petrol,125.0,53.3,1.4,audi
 Q3,2018,25995,Semi-Auto,9185,Petrol,145.0,48.7,1.4,audi
 Q2,2019,25995,Manual,1592,Petrol,145.0,39.2,1.5,audi
 A1,2016,10995,Manual,45644,Diesel,0.0,80.7,1.6,audi
 Q8,2019,48995,Semi-Auto,4488,Diesel,145.0,33.6,3.0,audi
 Q5,2016,33995,Semi-Auto,29156,Diesel,235.0,42.2,3.0,audi
 A1,2015,12298,Manual,15837,Petrol,30.0,58.9,1.4,audi
 Q3,2016,15998,Manual,15264,Diesel,30.0,61.4,2.0,audi
 Q2,2018,18998,Manual,8211,Diesel,150.0,49.6,1.6,audi
 Q2,2017,21995,Manual,10962,Petrol,145.0,50.4,1.4,audi
 Q5,2016,28995,Semi-Auto,42187,Diesel,235.0,42.8,3.0,audi
 A1,2017,15995,Manual,8128,Petrol,30.0,55.4,1.4,audi
 A4,2016,13985,Manual,55697,Diesel,20.0,70.6,2.0,audi
 Q3,2015,13995,Manual,35446,Diesel,145.0,54.3,2.0,audi
 Q3,2016,18499,Semi-Auto,30366,Diesel,160.0,50.4,2.0,audi
 Q5,2017,27498,Semi-Auto,32090,Petrol,145.0,40.4,2.0,audi
 Q3,2015,15998,Semi-Auto,19300,Petrol,145.0,47.9,1.4,audi
 A4,2016,13998,Manual,37478,Diesel,0.0,74.3,2.0,audi
 A3,2019,24998,Semi-Auto,6266,Petrol,145.0,38.2,2.0,audi
 A1,2016,13995,Manual,8577,Petrol,30.0,55.4,1.4,audi
 A3,2018,18995,Manual,13147,Diesel,145.0,67.3,1.6,audi
 A6,2017,22995,Semi-Auto,24336,Diesel,145.0,61.4,2.0,audi
 Q2,2018,17495,Manual,23813,Petrol,145.0,55.4,1.0,audi
 Q2,2017,21995,Semi-Auto,17633,Petrol,145.0,52.3,1.4,audi
 A6,2015,16995,Semi-Auto,55220,Diesel,30.0,64.2,2.0,audi
 Q5,2017,22995,Semi-Auto,47952,Diesel,145.0,56.5,2.0,audi
 Q5,2014,19995,Semi-Auto,50500,Diesel,235.0,44.1,3.0,audi
 A1,2016,15495,Manual,31147,Petrol,30.0,56.5,1.4,audi
 Q2,2019,25998,Semi-Auto,79,Diesel,150.0,46.3,2.0,audi
 A5,2015,14500,Semi-Auto,56875,Diesel,150.0,53.3,2.0,audi
 A5,2015,18995,Manual,37056,Diesel,160.0,53.3,2.0,audi
 RS3,2018,39995,Semi-Auto,5431,Petrol,145.0,34.0,2.5,audi
 A1,2016,13995,Manual,31031,Petrol,30.0,56.5,1.4,audi
 A4,2015,17995,Semi-Auto,34906,Diesel,160.0,49.6,3.0,audi
 A4,2017,21995,Semi-Auto,14821,Diesel,145.0,64.2,3.0,audi
 A1,2016,15495,Manual,15307,Petrol,30.0,55.4,1.4,audi
 A4,2016,19995,Semi-Auto,23626,Petrol,160.0,45.6,2.0,audi
 A1,2016,12995,Manual,11892,Petrol,0.0,67.3,1.0,audi
 A1,2016,12995,Manual,42165,Petrol,30.0,56.5,1.4,audi
 A3,2019,31795,Semi-Auto,3036,Petrol,145.0,34.5,2.0,audi
 A4,2019,39995,Semi-Auto,2703,Diesel,145.0,40.9,3.0,audi
 Q7,2016,48995,Automatic,41032,Diesel,300.0,39.2,4.0,audi
 A3,2018,21495,Manual,8545,Diesel,145.0,53.3,1.6,audi
 A3,2016,13498,Manual,30287,Petrol,20.0,60.1,1.4,audi
 A3,2016,14998,Manual,1893,Petrol,20.0,60.1,1.4,audi
 A4,2017,16998,Manual,6896,Petrol,145.0,52.3,1.4,audi
 TT,2016,15498,Manual,34084,Diesel,30.0,62.8,2.0,audi
 A4,2017,13985,Semi-Auto,84222,Diesel,20.0,68.9,2.0,audi
 A3,2015,10385,Manual,68428,Diesel,0.0,83.1,1.6,audi
 Q5,2018,37500,Semi-Auto,20283,Petrol,150.0,34.0,3.0,audi
 A4,2016,11500,Manual,56235,Diesel,0.0,74.3,2.0,audi
 A8,2017,24500,Semi-Auto,37492,Diesel,205.0,47.1,3.0,audi
 Q5,2015,21500,Semi-Auto,66959,Diesel,265.0,41.5,3.0,audi
 Q5,2014,16000,Manual,46622,Diesel,205.0,47.9,2.0,audi
 A6,2013,11995,Semi-Auto,40003,Diesel,145.0,56.5,2.0,audi
 Q5,2018,38900,Semi-Auto,20300,Petrol,145.0,34.0,3.0,audi
 A5,2019,24498,Semi-Auto,50,Petrol,145.0,40.4,2.0,audi
 Q2,2016,19995,Manual,23426,Petrol,125.0,50.4,1.4,audi
 A3,2015,14995,Semi-Auto,46465,Petrol,30.0,54.3,1.4,audi
 Q5,2018,29995,Semi-Auto,14600,Diesel,145.0,55.4,2.0,audi
 A1,2019,23995,Manual,3232,Petrol,145.0,50.4,1.0,audi
 A1,2017,15995,Manual,16086,Petrol,30.0,55.4,1.4,audi
 A1,2017,13995,Manual,15981,Petrol,145.0,57.6,1.4,audi
 A7,2018,38995,Semi-Auto,6850,Diesel,145.0,38.2,3.0,audi
 A3,2017,18995,Manual,16668,Diesel,145.0,70.6,1.6,audi
 A7,2018,35995,Semi-Auto,13082,Petrol,145.0,39.8,3.0,audi
 A3,2019,18995,Semi-Auto,10522,Petrol,145.0,43.5,1.5,audi
 A3,2018,19995,Manual,12795,Petrol,145.0,47.1,1.0,audi
 Q5,2018,34995,Automatic,8250,Diesel,145.0,38.2,2.0,audi
 Q2,2019,23995,Automatic,5859,Diesel,145.0,47.9,1.6,audi
 A4,2019,37995,Automatic,8235,Diesel,145.0,44.1,2.0,audi
 Q3,2019,35995,Manual,5356,Diesel,145.0,40.9,2.0,audi
 A6,2019,34995,Automatic,5565,Diesel,145.0,47.9,2.0,audi
 A4,2017,16498,Manual,13122,Petrol,145.0,52.3,1.4,audi
 Q2,2019,26495,Manual,2940,Petrol,145.0,39.2,1.5,audi
 Q5,2016,21995,Semi-Auto,26500,Diesel,200.0,47.1,2.0,audi
 A8,2020,52995,Semi-Auto,1100,Diesel,145.0,40.4,3.0,audi
 Q5,2018,30995,Semi-Auto,24408,Petrol,145.0,40.4,2.0,audi
 RS4,2020,69995,Semi-Auto,2200,Petrol,145.0,28.8,2.9,audi
 A7,2020,51995,Semi-Auto,500,Diesel,145.0,38.7,3.0,audi
 A4,2016,21995,Semi-Auto,47600,Diesel,145.0,56.5,2.0,audi
 A3,2018,22995,Automatic,17252,Petrol,145.0,56.5,1.5,audi
 A5,2017,19945,Semi-Auto,49287,Diesel,145.0,62.8,2.0,audi
 A5,2017,22945,Semi-Auto,47446,Diesel,145.0,62.8,2.0,audi
 A5,2017,22990,Semi-Auto,14589,Diesel,30.0,65.7,2.0,audi
 A4,2016,13995,Manual,41279,Diesel,0.0,74.3,2.0,audi
 Q7,2018,60995,Automatic,3893,Diesel,145.0,39.2,4.0,audi
 A8,2017,38995,Automatic,3338,Diesel,145.0,50.4,3.0,audi
 Q5,2018,42995,Automatic,4286,Petrol,145.0,34.0,3.0,audi
 Q5,2018,28995,Automatic,22913,Diesel,145.0,56.5,2.0,audi
 Q5,2019,36995,Semi-Auto,4125,Diesel,145.0,38.2,2.0,audi
 Q3,2019,34995,Semi-Auto,4000,Petrol,145.0,31.7,2.0,audi
 Q5,2019,38495,Semi-Auto,5123,Diesel,145.0,38.2,2.0,audi
 A4,2019,43495,Automatic,5000,Diesel,145.0,40.9,3.0,audi
 A5,2019,34995,Automatic,6500,Diesel,145.0,46.3,2.0,audi
 Q5,2017,35995,Semi-Auto,29832,Petrol,145.0,34.0,3.0,audi
 Q2,2017,21495,Manual,11125,Petrol,125.0,50.4,1.4,audi
 Q5,2019,36995,Automatic,11565,Diesel,145.0,38.2,2.0,audi
 A3,2019,22995,Automatic,10434,Petrol,145.0,42.2,1.5,audi
 A3,2016,11990,Manual,61332,Diesel,20.0,68.9,2.0,audi
 A4,2017,21998,Semi-Auto,10533,Petrol,145.0,49.6,1.4,audi
 A4,2017,20798,Semi-Auto,13611,Petrol,145.0,50.4,1.4,audi
 A6,2016,21880,Semi-Auto,15559,Diesel,150.0,56.5,2.0,audi
 Q2,2017,16440,Manual,18882,Petrol,150.0,55.4,1.0,audi
 Q3,2017,19000,Manual,18698,Petrol,145.0,49.6,1.4,audi
 A3,2016,16000,Manual,16837,Petrol,20.0,60.1,1.4,audi
 A1,2019,18990,Manual,2903,Petrol,150.0,51.4,1.0,audi
 Q2,2017,20650,Semi-Auto,18745,Petrol,150.0,52.3,1.4,audi
 A1,2019,21790,Semi-Auto,4454,Petrol,150.0,40.9,2.0,audi
 A1,2019,21444,Semi-Auto,6295,Petrol,145.0,40.9,2.0,audi
 A6,2017,21998,Semi-Auto,22456,Diesel,145.0,61.4,2.0,audi
 A4,2018,17998,Manual,25922,Petrol,145.0,50.4,1.4,audi
 Q3,2015,16998,Manual,23960,Diesel,145.0,52.3,2.0,audi
 A4,2018,21798,Semi-Auto,11040,Petrol,145.0,49.6,1.4,audi
 A4,2018,20498,Semi-Auto,15987,Petrol,150.0,50.4,1.4,audi
 A3,2017,13495,Manual,12396,Petrol,20.0,60.1,1.0,audi
 A3,2017,11495,Manual,51870,Petrol,20.0,62.8,1.4,audi
 A1,2016,9995,Manual,28790,Petrol,0.0,67.3,1.0,audi
 A6,2017,13995,Manual,47000,Diesel,30.0,65.7,2.0,audi
 A6,2015,11995,Manual,37300,Diesel,30.0,65.7,2.0,audi
 Q3,2017,19495,Manual,18972,Diesel,145.0,56.5,2.0,audi
 A4,2017,13995,Semi-Auto,70580,Diesel,145.0,70.6,2.0,audi
 A5,2018,22795,Semi-Auto,21993,Diesel,145.0,62.8,2.0,audi
 A3,2017,15495,Manual,49471,Diesel,145.0,65.7,2.0,audi
 A4,2016,14495,Manual,66000,Diesel,30.0,67.3,2.0,audi
 A4,2016,16750,Semi-Auto,50715,Diesel,30.0,65.7,2.0,audi
 A5,2017,20450,Manual,12978,Petrol,145.0,49.6,2.0,audi
 A6,2018,27500,Semi-Auto,7825,Diesel,145.0,50.4,2.0,audi
 A3,2019,23535,Semi-Auto,12863,Petrol,145.0,41.5,1.5,audi
 A3,2019,21374,Automatic,14520,Petrol,145.0,41.5,1.5,audi
 A3,2019,23413,Semi-Auto,12971,Petrol,145.0,41.5,1.5,audi
 A1,2019,21714,Semi-Auto,2942,Petrol,145.0,47.1,1.0,audi
 Q5,2018,42500,Semi-Auto,7566,Petrol,145.0,34.0,3.0,audi
 Q7,2019,43500,Semi-Auto,2977,Diesel,145.0,33.2,3.0,audi
 A3,2019,21450,Manual,7315,Diesel,145.0,55.4,2.0,audi
 A1,2019,25888,Semi-Auto,14,Petrol,145.0,40.4,2.0,audi
 A3,2017,16650,Semi-Auto,14712,Petrol,30.0,57.6,1.4,audi
 Q2,2017,15835,Manual,25483,Petrol,30.0,55.4,1.0,audi
 A4,2017,19750,Semi-Auto,9806,Petrol,30.0,53.3,2.0,audi
 A1,2020,19444,Manual,4000,Petrol,145.0,49.6,1.0,audi
 Q2,2020,25990,Manual,1500,Petrol,145.0,43.5,1.5,audi
 A4,2020,25990,Semi-Auto,1500,Petrol,145.0,42.8,2.0,audi
 A6,2019,30888,Automatic,9350,Diesel,145.0,47.9,2.0,audi
 TT,2019,26500,Manual,3890,Petrol,145.0,39.8,2.0,audi
 A6,2019,43888,Semi-Auto,8735,Diesel,145.0,37.7,3.0,audi
 Q3,2016,15995,Manual,22515,Petrol,125.0,50.4,1.4,audi
 A4,2016,15745,Semi-Auto,57828,Diesel,30.0,65.7,2.0,audi
 A4,2017,16995,Automatic,21641,Petrol,145.0,51.4,1.4,audi
 A3,2017,13795,Manual,18454,Diesel,145.0,70.6,1.6,audi
 A3,2017,12595,Semi-Auto,36633,Petrol,20.0,62.8,1.0,audi
 TT,2013,13455,Manual,39511,Diesel,145.0,53.3,2.0,audi
 A6,2016,14295,Manual,35047,Diesel,30.0,65.7,2.0,audi
 Q3,2016,13995,Semi-Auto,58406,Petrol,145.0,47.9,1.4,audi
 Q3,2016,17400,Manual,21331,Diesel,145.0,52.3,2.0,audi
 Q3,2017,17800,Manual,14707,Petrol,125.0,51.4,1.4,audi
 A1,2016,11990,Manual,27706,Petrol,30.0,55.4,1.4,audi
 A3,2016,13250,Manual,30928,Diesel,20.0,67.3,2.0,audi
 A6,2017,20250,Semi-Auto,41272,Diesel,145.0,61.4,2.0,audi
 Q7,2017,53990,Semi-Auto,30427,Diesel,145.0,39.2,4.0,audi
 A1,2019,19888,Manual,3334,Petrol,145.0,47.9,1.0,audi
 Q2,2019,24250,Semi-Auto,2091,Diesel,145.0,47.9,1.6,audi
 Q2,2019,25250,Manual,2683,Petrol,145.0,43.5,1.5,audi
 Q2,2019,28888,Semi-Auto,2311,Petrol,145.0,42.2,1.5,audi
 Q2,2019,28690,Semi-Auto,1910,Petrol,145.0,42.2,1.5,audi
 A3,2019,19490,Manual,2492,Petrol,145.0,49.6,1.0,audi
 A1,2016,9895,Manual,75189,Diesel,0.0,80.7,1.6,audi
 Q3,2016,15595,Manual,52804,Diesel,30.0,60.1,2.0,audi
 A3,2016,11495,Manual,55545,Diesel,20.0,70.6,1.6,audi
 A3,2017,11995,Manual,68643,Diesel,0.0,74.3,1.6,audi
 A6,2016,17995,Semi-Auto,58836,Diesel,30.0,61.4,2.0,audi
 A3,2015,9595,Manual,71335,Diesel,0.0,74.3,1.6,audi
 A6,2016,15495,Semi-Auto,57173,Diesel,20.0,64.2,2.0,audi
 Q3,2017,17695,Semi-Auto,46862,Diesel,145.0,55.4,2.0,audi
 A1,2016,10395,Manual,53440,Diesel,0.0,80.7,1.6,audi
 A1,2016,10495,Manual,45954,Diesel,0.0,80.7,1.6,audi
 Q3,2017,19445,Semi-Auto,25234,Diesel,145.0,55.4,2.0,audi
 Q3,2016,15845,Manual,22270,Petrol,125.0,50.4,1.4,audi
 Q5,2016,22995,Semi-Auto,19273,Diesel,200.0,47.1,2.0,audi
 A5,2018,24495,Automatic,40929,Diesel,145.0,58.9,3.0,audi
 Q2,2018,19895,Automatic,13144,Petrol,145.0,54.3,1.4,audi
 Q3,2017,17995,Manual,18998,Petrol,145.0,51.4,1.4,audi
 RS3,2015,28985,Automatic,15016,Petrol,300.0,34.9,2.5,audi
 A3,2020,23995,Manual,1560,Diesel,145.0,55.4,2.0,audi
 A6,2016,16995,Semi-Auto,36273,Diesel,30.0,61.4,2.0,audi
 A6,2018,20995,Automatic,27304,Diesel,145.0,64.2,2.0,audi
 Q8,2019,77888,Automatic,3011,Diesel,145.0,32.8,3.0,audi
 Q2,2019,19250,Manual,804,Petrol,145.0,47.1,1.0,audi
 Q5,2019,36444,Semi-Auto,5429,Diesel,145.0,38.2,2.0,audi
 A3,2018,18995,Manual,5864,Petrol,145.0,47.1,1.0,audi
 A3,2017,13695,Manual,26413,Petrol,20.0,60.1,1.0,audi
 A6,2020,37999,Automatic,2234,Petrol,145.0,34.0,2.0,audi
 A6,2019,29250,Automatic,10055,Diesel,145.0,47.9,2.0,audi
 Q2,2016,15990,Manual,35624,Diesel,30.0,64.2,1.6,audi
 A6,2015,22995,Semi-Auto,65866,Petrol,325.0,30.7,4.0,audi
 TT,2018,25495,Semi-Auto,10018,Petrol,145.0,42.8,2.0,audi
 TT,2015,16990,Semi-Auto,23026,Petrol,200.0,42.2,2.0,audi
 A5,2014,12995,Semi-Auto,83468,Diesel,150.0,53.3,2.0,audi
 A1,2016,12995,Manual,30123,Petrol,30.0,56.5,1.4,audi
 A3,2016,12790,Manual,38341,Petrol,125.0,52.3,1.4,audi
 A4,2017,14995,Semi-Auto,41000,Diesel,0.0,72.4,2.0,audi
 Q2,2017,15250,Manual,42755,Diesel,30.0,64.2,1.6,audi
 A1,2020,22990,Semi-Auto,1192,Petrol,145.0,44.8,1.5,audi
 Q2,2019,24448,Manual,3371,Petrol,145.0,43.5,1.5,audi
 A1,2019,20344,Manual,2853,Petrol,145.0,47.9,1.0,audi
 Q5,2020,53990,Semi-Auto,5480,Diesel,145.0,34.5,3.0,audi
 A1,2019,19888,Manual,3927,Petrol,145.0,47.9,1.0,audi
 Q2,2019,22890,Manual,3479,Petrol,145.0,44.8,1.5,audi
 RS6,2015,51995,Semi-Auto,11484,Petrol,325.0,29.4,4.0,audi
 5 Series,2016,13600,Automatic,65612,Diesel,30.0,62.8,2.0,BMW
 1 Series,2016,11700,Manual,21390,Diesel,20.0,72.4,1.5,BMW
 3 Series,2017,12450,Automatic,72065,Diesel,20.0,70.6,2.0,BMW
 5 Series,2016,13500,Automatic,62444,Diesel,125.0,60.1,2.0,BMW
 X3,2013,12750,Automatic,71558,Diesel,160.0,50.4,2.0,BMW
 X1,2017,16700,Automatic,34666,Diesel,145.0,65.7,2.0,BMW
 1 Series,2016,11400,Manual,22920,Diesel,20.0,72.4,1.5,BMW
 X5,2016,21000,Automatic,71626,Other,0.0,85.6,2.0,BMW
 X1,2017,14700,Manual,38405,Diesel,145.0,68.9,2.0,BMW
 3 Series,2018,19000,Automatic,20681,Diesel,145.0,64.2,2.0,BMW
 3 Series,2017,15400,Automatic,20529,Diesel,145.0,65.7,2.0,BMW
 X3,2016,19000,Automatic,42691,Diesel,145.0,54.3,2.0,BMW
 1 Series,2018,15000,Automatic,10058,Petrol,145.0,37.2,1.5,BMW
 3 Series,2016,17950,Automatic,40337,Diesel,145.0,53.3,3.0,BMW
 5 Series,2018,22600,Automatic,23195,Diesel,145.0,65.7,2.0,BMW
 1 Series,2017,13200,Manual,17117,Petrol,145.0,53.3,1.5,BMW
 3 Series,2017,12750,Manual,22153,Diesel,150.0,68.9,2.0,BMW
 3 Series,2015,9750,Manual,56038,Diesel,20.0,68.9,2.0,BMW
 3 Series,2017,10900,Automatic,78345,Diesel,0.0,74.3,2.0,BMW
 X4,2016,21400,Automatic,31084,Diesel,145.0,54.3,2.0,BMW
 1 Series,2017,14600,Automatic,5615,Petrol,145.0,58.9,1.5,BMW
 3 Series,2017,12600,Automatic,55751,Petrol,150.0,51.4,1.5,BMW
 X4,2017,22500,Automatic,35016,Diesel,150.0,54.3,2.0,BMW
 1 Series,2016,8000,Manual,81579,Diesel,0.0,83.1,1.5,BMW
 X1,2017,14800,Manual,31518,Diesel,145.0,60.1,2.0,BMW
 1 Series,2016,9900,Manual,44008,Diesel,0.0,83.1,1.5,BMW
 2 Series,2016,9500,Manual,59509,Diesel,20.0,68.9,2.0,BMW
 3 Series,2017,17950,Automatic,43703,Other,140.0,134.5,2.0,BMW
 1 Series,2016,14200,Automatic,36858,Diesel,125.0,60.1,2.0,BMW
 1 Series,2016,12100,Automatic,25786,Diesel,0.0,74.3,2.0,BMW
 1 Series,2016,12700,Automatic,24592,Diesel,20.0,68.9,2.0,BMW
 1 Series,2016,8800,Manual,51002,Diesel,0.0,83.1,1.5,BMW
 1 Series,2017,15000,Automatic,26052,Diesel,145.0,68.9,2.0,BMW
 3 Series,2017,17100,Automatic,31528,Diesel,145.0,64.2,2.0,BMW
 X3,2017,21750,Automatic,25776,Diesel,200.0,47.9,3.0,BMW
 1 Series,2016,13400,Manual,18055,Petrol,125.0,52.3,1.5,BMW
 3 Series,2014,9900,Automatic,63223,Diesel,20.0,68.9,2.0,BMW
 1 Series,2016,13700,Manual,8719,Petrol,125.0,52.3,1.5,BMW
 4 Series,2018,16900,Automatic,27133,Petrol,145.0,44.8,2.0,BMW
 5 Series,2018,21950,Automatic,21947,Diesel,150.0,68.9,2.0,BMW
 X1,2013,8750,Manual,80625,Diesel,160.0,51.4,2.0,BMW
 3 Series,2017,17000,Automatic,31501,Other,0.0,134.5,2.0,BMW
 1 Series,2016,13750,Automatic,8707,Petrol,30.0,55.5,1.5,BMW
 1 Series,2017,12800,Manual,10861,Petrol,125.0,53.3,1.5,BMW
 4 Series,2017,16000,Manual,16359,Petrol,145.0,46.3,2.0,BMW
 4 Series,2017,16600,Automatic,46913,Diesel,145.0,65.7,2.0,BMW
 3 Series,2017,15100,Manual,37747,Diesel,125.0,60.1,2.0,BMW
 4 Series,2017,16750,Manual,24882,Petrol,145.0,46.3,2.0,BMW
 1 Series,2015,12450,Manual,24474,Petrol,125.0,52.3,1.5,BMW
 3 Series,2018,15700,Automatic,29394,Petrol,145.0,48.7,2.0,BMW
 5 Series,2016,12600,Manual,59528,Diesel,125.0,60.1,2.0,BMW
 2 Series,2016,14600,Manual,15577,Petrol,160.0,44.1,2.0,BMW
 X1,2016,13700,Manual,52226,Diesel,20.0,68.9,2.0,BMW
 3 Series,2017,16900,Automatic,12330,Diesel,30.0,64.2,2.0,BMW
 4 Series,2015,15998,Semi-Auto,62943,Diesel,30.0,65.7,2.0,BMW
 X1,2020,31498,Semi-Auto,1560,Diesel,145.0,60.1,2.0,BMW
 2 Series,2020,27998,Manual,1580,Petrol,150.0,43.5,1.5,BMW
 X5,2020,54998,Semi-Auto,1500,Diesel,150.0,37.7,3.0,BMW
 3 Series,2014,11998,Manual,11545,Petrol,165.0,44.8,2.0,BMW
 2 Series,2020,25998,Automatic,3160,Hybrid,140.0,113.0,1.5,BMW
 1 Series,2020,31998,Semi-Auto,1560,Diesel,150.0,48.7,2.0,BMW
 X2,2020,29998,Manual,1850,Diesel,150.0,49.6,2.0,BMW
 X4,2019,33998,Semi-Auto,7272,Diesel,150.0,42.8,2.0,BMW
 X4,2019,33998,Semi-Auto,7272,Diesel,150.0,42.8,2.0,BMW
 1 Series,2017,14995,Manual,19866,Diesel,30.0,65.7,2.0,BMW
 4 Series,2016,17995,Semi-Auto,22476,Petrol,145.0,48.7,2.0,BMW
 1 Series,2013,14498,Semi-Auto,42786,Petrol,235.0,37.7,3.0,BMW
 1 Series,2015,10998,Manual,42410,Diesel,30.0,65.7,2.0,BMW
 5 Series,2014,11998,Semi-Auto,60681,Diesel,125.0,57.6,2.0,BMW
 X1,2016,14498,Manual,57717,Diesel,125.0,58.9,2.0,BMW
 3 Series,2017,16998,Semi-Auto,8096,Petrol,145.0,51.4,2.0,BMW
 1 Series,2015,11498,Manual,49151,Diesel,30.0,62.8,2.0,BMW
 X6,2017,29498,Semi-Auto,40429,Diesel,200.0,47.1,3.0,BMW
 M4,2016,31498,Semi-Auto,21107,Petrol,300.0,34.0,3.0,BMW
 1 Series,2016,19498,Semi-Auto,33043,Petrol,200.0,39.8,3.0,BMW
 X1,2016,17998,Semi-Auto,50378,Diesel,125.0,57.6,2.0,BMW
 5 Series,2019,25998,Semi-Auto,11115,Diesel,145.0,65.7,2.0,BMW
 X1,2013,8298,Manual,69020,Diesel,125.0,57.6,2.0,BMW
 8 Series,2019,61898,Semi-Auto,2650,Diesel,145.0,39.8,3.0,BMW
 1 Series,2014,13298,Manual,55834,Petrol,300.0,35.3,3.0,BMW
 3 Series,2019,21898,Semi-Auto,5761,Diesel,150.0,55.4,2.0,BMW
 1 Series,2017,11498,Semi-Auto,47110,Diesel,0.0,78.5,1.5,BMW
 X3,2014,17495,Semi-Auto,54075,Diesel,145.0,54.3,2.0,BMW
 5 Series,2015,14998,Semi-Auto,45152,Diesel,30.0,62.8,2.0,BMW
 2 Series,2014,10498,Manual,52091,Diesel,125.0,58.9,2.0,BMW
 1 Series,2019,19998,Semi-Auto,4812,Petrol,145.0,47.9,2.0,BMW
 X1,2016,16698,Semi-Auto,37272,Petrol,160.0,44.8,2.0,BMW
 3 Series,2019,27998,Semi-Auto,4250,Diesel,145.0,48.7,2.0,BMW
 5 Series,2018,27798,Semi-Auto,15711,Diesel,145.0,60.1,3.0,BMW
 1 Series,2016,18298,Manual,21236,Petrol,260.0,36.2,3.0,BMW
 1 Series,2017,14698,Semi-Auto,24008,Petrol,145.0,55.5,1.5,BMW
 X1,2016,18498,Semi-Auto,25994,Diesel,145.0,55.4,2.0,BMW
 X5,2015,27998,Automatic,24188,Diesel,200.0,47.1,3.0,BMW
 X5,2015,21498,Automatic,59216,Diesel,200.0,47.9,3.0,BMW
 1 Series,2017,19498,Manual,21171,Petrol,260.0,36.2,3.0,BMW
 1 Series,2017,14498,Manual,24259,Petrol,145.0,52.3,1.5,BMW
 5 Series,2017,22998,Semi-Auto,19379,Diesel,145.0,65.7,2.0,BMW
 1 Series,2017,14498,Manual,20790,Diesel,145.0,70.6,1.5,BMW
 5 Series,2019,29898,Semi-Auto,2743,Diesel,145.0,60.1,2.0,BMW
 3 Series,2019,22998,Semi-Auto,6000,Petrol,145.0,48.7,2.0,BMW
 3 Series,2019,29998,Manual,3980,Diesel,145.0,53.3,2.0,BMW
 4 Series,2019,29898,Semi-Auto,101,Diesel,145.0,60.1,2.0,BMW
 5 Series,2017,20498,Semi-Auto,12725,Diesel,145.0,68.9,2.0,BMW
 3 Series,2019,27650,Semi-Auto,18200,Diesel,150.0,48.7,2.0,BMW
 Z4,2016,18650,Semi-Auto,25300,Petrol,205.0,41.5,2.0,BMW
 4 Series,2018,22995,Automatic,7200,Petrol,145.0,48.7,2.0,BMW
 X6,2018,36995,Semi-Auto,6100,Diesel,145.0,47.1,3.0,BMW
 5 Series,2018,26995,Automatic,6800,Diesel,145.0,68.9,2.0,BMW
 1 Series,2013,11995,Manual,31600,Diesel,125.0,57.6,2.0,BMW
 5 Series,2018,25995,Semi-Auto,8700,Diesel,145.0,49.6,2.0,BMW
 X6,2016,29995,Automatic,43600,Diesel,200.0,44.8,3.0,BMW
 3 Series,2018,21495,Semi-Auto,16452,Petrol,150.0,48.7,2.0,BMW
 5 Series,2017,22998,Automatic,15838,Diesel,145.0,60.1,2.0,BMW
 5 Series,2019,34498,Automatic,6775,Diesel,145.0,51.4,3.0,BMW
 1 Series,2019,18498,Semi-Auto,11234,Diesel,145.0,68.9,2.0,BMW
 7 Series,2019,45898,Semi-Auto,5893,Diesel,145.0,44.1,3.0,BMW
 X3,2019,37898,Semi-Auto,9781,Diesel,145.0,48.7,3.0,BMW
 X5,2016,34498,Automatic,17303,Hybrid,0.0,85.6,2.0,BMW
 1 Series,2016,17998,Manual,25334,Petrol,300.0,35.3,3.0,BMW
 3 Series,2016,18498,Semi-Auto,36501,Diesel,145.0,53.3,3.0,BMW
 2 Series,2019,23998,Semi-Auto,2318,Petrol,145.0,47.9,2.0,BMW
 X1,2017,21498,Semi-Auto,14418,Diesel,145.0,55.4,2.0,BMW
 X1,2017,18500,Semi-Auto,12160,Diesel,145.0,65.7,2.0,BMW
 X3,2018,31000,Semi-Auto,20290,Diesel,145.0,48.7,3.0,BMW
 X1,2016,19500,Semi-Auto,13690,Diesel,125.0,57.6,2.0,BMW
 X5,2017,34000,Automatic,22158,Diesel,205.0,47.1,3.0,BMW
 X5,2015,28000,Automatic,36174,Diesel,205.0,47.1,3.0,BMW
 3 Series,2018,22000,Semi-Auto,30000,Diesel,150.0,53.3,3.0,BMW
 1 Series,2016,16000,Manual,40125,Petrol,305.0,35.3,3.0,BMW
 3 Series,2017,18000,Manual,20087,Petrol,165.0,44.8,2.0,BMW
 X7,2020,78000,Semi-Auto,5000,Diesel,150.0,31.4,3.0,BMW
 3 Series,2018,22500,Semi-Auto,11150,Petrol,145.0,48.7,2.0,BMW
 1 Series,2018,15500,Manual,5827,Petrol,145.0,37.7,1.5,BMW
 4 Series,2019,29000,Semi-Auto,14000,Diesel,145.0,50.4,3.0,BMW
 4 Series,2019,24700,Semi-Auto,5196,Diesel,145.0,65.7,2.0,BMW
 2 Series,2019,24000,Semi-Auto,2500,Petrol,145.0,39.2,1.5,BMW
 1 Series,2018,16000,Manual,7000,Diesel,145.0,50.4,1.5,BMW
 X3,2019,56000,Semi-Auto,26,Petrol,145.0,24.8,3.0,BMW
 1 Series,2019,32000,Semi-Auto,4493,Petrol,145.0,34.5,2.0,BMW
 X1,2018,20000,Semi-Auto,10545,Diesel,145.0,60.1,2.0,BMW
 X1,2017,22000,Semi-Auto,16500,Petrol,145.0,44.8,2.0,BMW
 3 Series,2016,16998,Semi-Auto,43695,Hybrid,0.0,134.5,2.0,BMW
 X3,2015,17498,Semi-Auto,48867,Diesel,145.0,54.3,2.0,BMW
 1 Series,2017,15798,Semi-Auto,23157,Petrol,145.0,54.3,1.5,BMW
 X1,2016,18998,Semi-Auto,30434,Diesel,125.0,57.6,2.0,BMW
 3 Series,2015,20000,Semi-Auto,39700,Diesel,160.0,50.4,3.0,BMW
 5 Series,2019,28000,Semi-Auto,5739,Diesel,145.0,62.8,2.0,BMW
 X5,2017,41500,Automatic,18000,Diesel,145.0,42.8,3.0,BMW
 1 Series,2018,16000,Semi-Auto,24275,Diesel,145.0,68.9,1.5,BMW
 4 Series,2017,20800,Semi-Auto,14774,Diesel,125.0,58.9,2.0,BMW
 3 Series,2018,20500,Semi-Auto,12133,Petrol,145.0,48.7,2.0,BMW
 1 Series,2017,15500,Manual,15645,Petrol,125.0,52.3,1.5,BMW
 X4,2016,25000,Semi-Auto,25085,Diesel,200.0,47.9,3.0,BMW
 1 Series,2017,21500,Semi-Auto,19486,Petrol,145.0,39.8,3.0,BMW
 X2,2019,30000,Semi-Auto,5431,Diesel,145.0,48.7,2.0,BMW
 7 Series,2020,53000,Semi-Auto,6555,Diesel,145.0,42.2,3.0,BMW
 3 Series,2014,14000,Semi-Auto,73923,Diesel,160.0,52.3,3.0,BMW
 1 Series,2018,25990,Semi-Auto,6500,Petrol,150.0,32.5,3.0,BMW
 X4,2018,32000,Semi-Auto,10920,Diesel,150.0,42.8,2.0,BMW
 3 Series,2019,24300,Semi-Auto,8000,Petrol,150.0,44.8,2.0,BMW
 5 Series,2019,33000,Semi-Auto,12250,Diesel,150.0,53.3,3.0,BMW
 X3,2016,20500,Semi-Auto,37000,Diesel,145.0,54.3,2.0,BMW
 3 Series,2016,19000,Semi-Auto,40500,Diesel,145.0,53.3,3.0,BMW
 3 Series,2017,18000,Semi-Auto,33000,Diesel,145.0,60.1,2.0,BMW
 M4,2020,51000,Semi-Auto,2000,Petrol,145.0,32.5,3.0,BMW
 X3,2015,16500,Semi-Auto,48000,Diesel,145.0,54.3,2.0,BMW
 4 Series,2017,19800,Manual,17410,Petrol,150.0,40.9,2.0,BMW
 1 Series,2017,13500,Manual,25975,Petrol,145.0,53.3,1.5,BMW
 1 Series,2019,18500,Semi-Auto,12054,Petrol,150.0,54.3,1.5,BMW
 1 Series,2014,9300,Manual,51203,Diesel,30.0,65.7,2.0,BMW
 X5,2019,50000,Semi-Auto,5145,Diesel,150.0,37.7,3.0,BMW
 1 Series,2017,11800,Manual,23274,Diesel,20.0,72.4,1.5,BMW
 4 Series,2018,22000,Semi-Auto,10948,Diesel,145.0,60.1,2.0,BMW
 2 Series,2019,27500,Semi-Auto,7000,Petrol,145.0,38.2,3.0,BMW
 5 Series,2019,28000,Semi-Auto,16000,Diesel,145.0,60.1,3.0,BMW
 2 Series,2020,29000,Manual,5550,Petrol,145.0,43.5,1.5,BMW
 3 Series,2014,16800,Semi-Auto,50687,Diesel,160.0,52.3,3.0,BMW
 3 Series,2013,15500,Semi-Auto,46500,Diesel,150.0,55.4,3.0,BMW
 X1,2016,19300,Semi-Auto,25300,Diesel,125.0,60.1,2.0,BMW
 1 Series,2017,16998,Semi-Auto,12458,Diesel,30.0,62.8,2.0,BMW
 1 Series,2017,21498,Semi-Auto,21200,Petrol,200.0,39.8,3.0,BMW
 4 Series,2016,18998,Semi-Auto,20151,Diesel,145.0,53.3,3.0,BMW
 X1,2017,18498,Manual,13278,Diesel,125.0,58.9,2.0,BMW
 5 Series,2019,27000,Semi-Auto,9000,Petrol,145.0,48.7,2.0,BMW
 2 Series,2018,18000,Semi-Auto,13174,Diesel,145.0,49.6,2.0,BMW
 7 Series,2016,26000,Semi-Auto,39085,Diesel,145.0,54.3,3.0,BMW
 3 Series,2017,25500,Semi-Auto,14834,Diesel,145.0,51.4,3.0,BMW
 3 Series,2016,18000,Semi-Auto,15088,Diesel,145.0,55.4,3.0,BMW
 1 Series,2017,16800,Semi-Auto,16761,Diesel,145.0,67.3,2.0,BMW
 3 Series,2018,21300,Semi-Auto,18564,Diesel,145.0,60.1,2.0,BMW
 X2,2019,29000,Semi-Auto,1418,Petrol,145.0,36.2,2.0,BMW
 3 Series,2019,34000,Semi-Auto,5525,Diesel,145.0,50.4,2.0,BMW
 3 Series,2017,24000,Semi-Auto,15338,Diesel,145.0,49.6,3.0,BMW
 3 Series,2013,14990,Semi-Auto,35500,Diesel,145.0,55.4,2.0,BMW
 5 Series,2017,30000,Semi-Auto,11086,Diesel,145.0,53.3,3.0,BMW
 1 Series,2018,15800,Semi-Auto,11132,Petrol,145.0,55.5,1.5,BMW
 1 Series,2018,16500,Semi-Auto,7656,Petrol,145.0,37.2,1.5,BMW
 X3,2015,19500,Semi-Auto,41567,Diesel,145.0,54.3,2.0,BMW
 5 Series,2019,40000,Semi-Auto,1034,Petrol,145.0,39.2,3.0,BMW
 1 Series,2017,21800,Semi-Auto,20294,Petrol,200.0,39.8,3.0,BMW
 3 Series,2017,20998,Semi-Auto,30422,Diesel,145.0,51.4,3.0,BMW
 3 Series,2019,28495,Semi-Auto,11,Petrol,145.0,42.2,2.0,BMW
 4 Series,2019,29995,Semi-Auto,11,Diesel,145.0,65.7,2.0,BMW
 X1,2019,25995,Manual,11,Diesel,145.0,36.7,2.0,BMW
 X3,2019,31995,Semi-Auto,11,Petrol,145.0,31.4,2.0,BMW
 3 Series,2018,19495,Semi-Auto,12849,Diesel,145.0,64.2,2.0,BMW
 Kuga,2014,8998,Manual,68055,Diesel,150.0,53.3,2.0,Ford
 Fiesta,2018,12998,Manual,23200,Petrol,150.0,65.7,1.0,Ford
 Mondeo,2016,12498,Manual,25800,Diesel,30.0,64.2,2.0,Ford
 Tourneo Custom,2019,20990,Manual,5100,Diesel,145.0,31.7,2.0,Ford
 Tourneo Custom,2019,29999,Manual,100,Diesel,145.0,30.1,2.0,Ford
 EcoSport,2019,15489,Manual,5636,Diesel,145.0,68.9,1.5,Ford
 Focus,2019,15998,Manual,4500,Diesel,145.0,80.7,1.5,Ford
 Grand Tourneo Connect,2019,19999,Manual,3500,Diesel,145.0,61.4,1.5,Ford
 Focus,2016,8489,Manual,61379,Diesel,0.0,74.3,1.5,Ford
 Fiesta,2018,9490,Manual,3012,Petrol,145.0,55.4,1.1,Ford
 Focus,2017,12490,Manual,11292,Petrol,125.0,51.4,1.5,Ford
 Ka+,2017,6490,Manual,19285,Petrol,150.0,57.7,1.2,Ford
 Focus,2016,14790,Manual,33352,Petrol,205.0,41.5,2.0,Ford
 Focus,2017,12498,Manual,17998,Diesel,0.0,74.3,1.5,Ford
 Focus,2018,18998,Manual,11578,Diesel,150.0,67.3,2.0,Ford
 Focus,2015,9598,Manual,29577,Diesel,20.0,67.3,1.6,Ford
 Focus,2017,10498,Manual,27704,Diesel,145.0,74.3,1.5,Ford
 Fiesta,2015,7998,Manual,19001,Petrol,125.0,54.3,1.2,Ford
 Grand C-MAX,2016,9998,Manual,39460,Diesel,30.0,64.2,1.5,Ford
 Focus,2019,16250,Manual,13325,Diesel,145.0,74.3,1.5,Ford
 Focus,2019,18450,Automatic,14464,Diesel,145.0,54.3,1.5,Ford
 Focus,2018,9950,Manual,19223,Petrol,145.0,61.4,1.0,Ford
 Ka+,2019,9950,Manual,906,Petrol,145.0,43.5,1.2,Ford
 Ka+,2019,9950,Manual,2520,Petrol,145.0,43.5,1.2,Ford
 Ka+,2019,9950,Manual,1196,Petrol,145.0,43.5,1.2,Ford
 Fiesta,2015,8498,Manual,19429,Petrol,0.0,65.7,1.0,Ford
 B-MAX,2014,5998,Manual,69078,Petrol,30.0,57.7,1.0,Ford
 EcoSport,2017,9998,Manual,37560,Petrol,145.0,53.3,1.0,Ford
 Focus,2016,9998,Manual,3155,Petrol,20.0,61.4,1.0,Ford
 Focus,2019,16998,Manual,14206,Petrol,150.0,60.1,1.0,Ford
 Focus,2017,16998,Automatic,30393,Diesel,145.0,61.4,2.0,Ford
 Kuga,2014,11198,Manual,41711,Diesel,145.0,53.3,2.0,Ford
 Focus,2019,14498,Manual,14316,Diesel,150.0,80.7,1.5,Ford
 Fiesta,2016,7998,Manual,21456,Petrol,125.0,54.3,1.2,Ford
 Fiesta,2016,9998,Manual,20682,Petrol,0.0,65.7,1.0,Ford
 Focus,2019,17998,Manual,12027,Diesel,145.0,74.3,1.5,Ford
 B-MAX,2014,6498,Manual,36727,Diesel,20.0,70.6,1.6,Ford
 Kuga,2019,19998,Automatic,8757,Petrol,145.0,28.8,1.5,Ford
 EcoSport,2016,8698,Manual,28670,Diesel,30.0,64.2,1.5,Ford
 Fiesta,2017,10698,Manual,21041,Diesel,0.0,78.5,1.5,Ford
 EcoSport,2018,13698,Manual,4223,Petrol,145.0,54.3,1.0,Ford
 Fiesta,2019,13498,Manual,9007,Petrol,145.0,58.9,1.0,Ford
 Fiesta,2016,8498,Manual,11457,Petrol,125.0,54.3,1.2,Ford
 Fiesta,2014,6298,Manual,39944,Petrol,30.0,54.3,1.2,Ford
 Fiesta,2019,11698,Manual,3578,Petrol,150.0,48.7,1.1,Ford
 Kuga,2017,13998,Manual,21167,Diesel,150.0,54.3,2.0,Ford
 Fiesta,2016,8498,Semi-Auto,31976,Petrol,145.0,47.9,1.6,Ford
 Focus,2018,13998,Manual,10149,Petrol,145.0,57.7,1.0,Ford
 S-MAX,2016,14498,Manual,50364,Diesel,125.0,56.5,2.0,Ford
 Fiesta,2018,11950,Manual,16678,Petrol,145.0,58.9,1.0,Ford
 Fiesta,2019,11395,Manual,1394,Petrol,145.0,55.4,1.1,Ford
 Grand Tourneo Connect,2018,15990,Automatic,9486,Diesel,145.0,56.6,1.5,Ford
 Fiesta,2018,10990,Manual,28138,Petrol,145.0,56.5,1.0,Ford
 Kuga,2019,18489,Manual,10351,Diesel,145.0,54.3,1.5,Ford
 EcoSport,2017,9489,Manual,29500,Petrol,145.0,52.3,1.0,Ford
 Fiesta,2017,9795,Manual,4162,Diesel,0.0,78.5,1.5,Ford
 Kuga,2017,15995,Manual,23237,Diesel,125.0,60.1,2.0,Ford
 Kuga,2019,18495,Manual,7959,Diesel,145.0,38.2,2.0,Ford
 Focus,2018,11995,Manual,10553,Diesel,145.0,74.3,1.5,Ford
 Fiesta,2018,9998,Manual,23112,Petrol,145.0,65.7,1.0,Ford
 Fiesta,2019,14998,Manual,7953,Petrol,145.0,60.1,1.0,Ford
 Fiesta,2015,8000,Manual,14422,Petrol,125.0,54.3,1.2,Ford
 Focus,2017,18498,Semi-Auto,21183,Diesel,145.0,61.4,2.0,Ford
 Fiesta,2016,7998,Manual,21446,Petrol,125.0,54.3,1.2,Ford
 Fiesta,2019,12498,Manual,7941,Petrol,145.0,58.9,1.0,Ford
 Focus,2016,8498,Manual,45256,Petrol,20.0,60.1,1.0,Ford
 Fiesta,2013,5298,Manual,54545,Petrol,0.0,65.7,1.0,Ford
 Focus,2017,9998,Manual,28761,Petrol,20.0,60.1,1.0,Ford
 C-MAX,2014,7498,Manual,31343,Petrol,30.0,55.4,1.0,Ford
 Kuga,2017,15998,Manual,24896,Diesel,125.0,60.1,2.0,Ford
 Focus,2017,16998,Manual,45854,Petrol,150.0,41.5,2.0,Ford
 Fiesta,2017,8698,Manual,18775,Petrol,125.0,54.3,1.2,Ford
 Focus,2019,15998,Manual,10386,Petrol,145.0,49.6,1.0,Ford
 Fiesta,2017,8998,Manual,20507,Petrol,125.0,54.3,1.2,Ford
 Focus,2017,9998,Semi-Auto,32384,Petrol,125.0,51.4,1.0,Ford
 Fiesta,2019,10698,Manual,10786,Petrol,145.0,55.4,1.1,Ford
 Kuga,2020,20450,Manual,1196,Diesel,150.0,38.2,2.0,Ford
 C-MAX,2017,11495,Manual,39254,Diesel,150.0,68.9,1.5,Ford
 C-MAX,2017,9750,Manual,30157,Diesel,20.0,68.9,1.5,Ford
 Kuga,2019,18495,Manual,11859,Diesel,145.0,54.3,1.5,Ford
 Grand C-MAX,2019,14950,Manual,9693,Diesel,145.0,57.7,1.5,Ford
 Kuga,2018,17295,Manual,11723,Diesel,145.0,64.2,1.5,Ford
 Focus,2019,16250,Manual,11027,Diesel,145.0,74.3,1.5,Ford
 KA,2015,4998,Manual,28322,Petrol,30.0,57.7,1.2,Ford
 Fiesta,2017,8698,Manual,23833,Petrol,0.0,65.7,1.0,Ford
 Fiesta,2017,11298,Manual,13775,Petrol,145.0,65.7,1.0,Ford
 Focus,2017,10898,Manual,14050,Petrol,145.0,60.1,1.0,Ford
 Kuga,2014,11698,Manual,34088,Diesel,160.0,47.9,2.0,Ford
 B-MAX,2014,5998,Manual,52565,Petrol,30.0,55.4,1.0,Ford
 Fiesta,2017,9998,Semi-Auto,16517,Petrol,145.0,47.9,1.6,Ford
 Tourneo Connect,2019,19998,Manual,4605,Diesel,145.0,61.4,1.5,Ford
 Focus,2019,14998,Manual,12078,Petrol,145.0,58.9,1.0,Ford
 Grand C-MAX,2014,6998,Manual,45460,Diesel,125.0,60.1,1.6,Ford
 EcoSport,2016,10498,Semi-Auto,24963,Petrol,160.0,44.8,1.5,Ford
 Focus,2015,12298,Manual,51103,Petrol,240.0,39.2,2.0,Ford
 Kuga,2015,9498,Manual,63863,Diesel,145.0,54.3,2.0,Ford
 Kuga,2016,11990,Semi-Auto,55145,Diesel,145.0,52.3,2.0,Ford
 Fiesta,2017,7490,Manual,28842,Petrol,0.0,65.7,1.0,Ford
 Fiesta,2019,13698,Manual,11060,Petrol,145.0,58.9,1.0,Ford
 Focus,2017,10498,Manual,39539,Petrol,20.0,60.1,1.0,Ford
 EcoSport,2017,10798,Semi-Auto,3652,Petrol,165.0,44.8,1.5,Ford
 Kuga,2017,15998,Manual,29667,Diesel,125.0,60.1,2.0,Ford
 Focus,2016,8998,Manual,49080,Diesel,0.0,74.3,1.5,Ford
 Kuga,2015,9298,Manual,61787,Diesel,125.0,60.1,2.0,Ford
 Grand C-MAX,2017,10698,Manual,29886,Diesel,30.0,64.2,1.5,Ford
 Kuga,2017,17498,Semi-Auto,31098,Diesel,150.0,54.3,2.0,Ford
 Kuga,2017,13998,Manual,15860,Diesel,150.0,54.3,2.0,Ford
 Fiesta,2019,14998,Manual,8263,Petrol,145.0,60.1,1.0,Ford
 Fiesta,2015,8298,Manual,13118,Petrol,0.0,65.7,1.0,Ford
 Fiesta,2016,9698,Manual,19256,Petrol,0.0,65.7,1.0,Ford
 Fiesta,2017,7798,Manual,11085,Petrol,125.0,54.3,1.2,Ford
 Focus,2018,13498,Manual,10150,Petrol,145.0,58.9,1.0,Ford
 Focus,2016,9690,Manual,46176,Diesel,0.0,74.3,1.5,Ford
 Focus,2017,16498,Manual,18506,Diesel,20.0,67.3,2.0,Ford
 Fiesta,2017,11495,Manual,11476,Petrol,145.0,65.7,1.0,Ford
 EcoSport,2015,8000,Manual,29681,Petrol,160.0,44.8,1.5,Ford
 Mondeo,2015,11400,Semi-Auto,51581,Diesel,125.0,57.7,2.0,Ford
 Fiesta,2017,8250,Manual,32994,Petrol,145.0,64.2,1.1,Ford
 Fiesta,2019,10998,Manual,12320,Petrol,145.0,58.9,1.0,Ford
 EcoSport,2018,12998,Manual,3956,Petrol,145.0,53.3,1.0,Ford
 Fiesta,2014,6698,Manual,39002,Petrol,0.0,65.7,1.0,Ford
 Kuga,2018,15998,Manual,10087,Diesel,145.0,64.2,1.5,Ford
 Fiesta,2014,6498,Manual,21284,Petrol,30.0,54.3,1.2,Ford
 Focus,2017,12998,Manual,17307,Diesel,145.0,74.3,1.5,Ford
 Focus,2017,18998,Manual,10222,Petrol,145.0,41.5,2.0,Ford
 Fiesta,2015,8498,Manual,10801,Petrol,125.0,54.3,1.2,Ford
 Fiesta,2015,6998,Manual,42477,Petrol,30.0,54.3,1.2,Ford
 Kuga,2013,9498,Semi-Auto,64718,Diesel,205.0,45.6,2.0,Ford
 Fiesta,2019,11698,Manual,3484,Petrol,150.0,48.7,1.1,Ford
 Focus,2019,19300,Manual,2958,Diesel,145.0,70.6,2.0,Ford
 Focus,2017,16890,Manual,23365,Petrol,145.0,41.5,2.0,Ford
 Focus,2016,9420,Manual,34214,Diesel,0.0,74.3,1.5,Ford
 Focus,2019,15390,Manual,5341,Petrol,145.0,60.1,1.0,Ford
 Focus,2019,15370,Manual,6736,Petrol,145.0,60.1,1.0,Ford
 Focus,2015,9230,Manual,27412,Diesel,0.0,74.3,1.5,Ford
 Ka+,2017,6990,Manual,11203,Petrol,145.0,57.7,1.2,Ford
 Focus,2017,15591,Manual,45400,Diesel,20.0,67.3,2.0,Ford
 EcoSport,2018,12891,Manual,16156,Petrol,145.0,54.3,1.0,Ford
 Fiesta,2017,10447,Automatic,8337,Petrol,145.0,54.3,1.0,Ford
 Kuga,2014,8998,Manual,71854,Diesel,145.0,53.3,2.0,Ford
 B-MAX,2013,5998,Manual,37058,Petrol,30.0,55.4,1.0,Ford
 Focus,2017,11998,Manual,28497,Diesel,145.0,74.3,1.5,Ford
 KA,2014,4298,Manual,30658,Petrol,30.0,57.7,1.2,Ford
 Focus,2015,7498,Manual,36462,Petrol,20.0,60.1,1.0,Ford
 Fiesta,2013,7998,Semi-Auto,22125,Petrol,150.0,47.9,1.6,Ford
 Focus,2016,9498,Manual,18154,Petrol,20.0,60.1,1.0,Ford
 Kuga,2017,19498,Semi-Auto,23270,Diesel,145.0,54.3,2.0,Ford
 Kuga,2015,13698,Manual,34332,Diesel,145.0,54.3,2.0,Ford
 Kuga,2015,11498,Semi-Auto,44123,Diesel,145.0,52.3,2.0,Ford
 Edge,2017,20498,Manual,29326,Diesel,200.0,47.9,2.0,Ford
 Kuga,2018,16998,Manual,13737,Diesel,145.0,64.2,1.5,Ford
 Focus,2015,8998,Manual,32492,Diesel,0.0,74.3,1.5,Ford
 Focus,2018,18998,Manual,16312,Diesel,145.0,67.3,2.0,Ford
 Fiesta,2019,13898,Manual,14698,Petrol,145.0,58.9,1.0,Ford
 Fiesta,2019,13498,Manual,20388,Petrol,145.0,58.9,1.0,Ford
 Fiesta,2017,11998,Manual,8966,Petrol,145.0,65.7,1.0,Ford
 Focus,2015,8298,Manual,56282,Diesel,20.0,67.3,1.6,Ford
 Grand C-MAX,2017,11698,Manual,12124,Diesel,30.0,64.2,1.5,Ford
 Fiesta,2019,14998,Manual,8389,Petrol,145.0,60.1,1.0,Ford
 Focus,2019,17498,Automatic,11022,Petrol,145.0,51.4,1.0,Ford
 Focus,2019,17498,Manual,7359,Diesel,145.0,74.3,1.5,Ford
 Focus,2019,16998,Manual,8657,Diesel,145.0,74.3,1.5,Ford
 C-MAX,2017,10498,Manual,19534,Diesel,20.0,68.9,1.5,Ford
 Fiesta,2018,15698,Automatic,921,Petrol,145.0,49.6,1.0,Ford
 Fiesta,2015,6998,Manual,48938,Diesel,0.0,78.5,1.5,Ford
 Kuga,2017,15498,Manual,7431,Diesel,125.0,60.1,2.0,Ford
 Focus,2015,8498,Manual,31974,Petrol,20.0,61.4,1.0,Ford
 EcoSport,2015,7998,Manual,17786,Petrol,160.0,44.8,1.5,Ford
 Fiesta,2014,4698,Manual,52627,Petrol,30.0,54.3,1.2,Ford
 Fiesta,2019,11998,Manual,10970,Petrol,145.0,58.9,1.0,Ford
 Kuga,2013,10998,Manual,32347,Diesel,200.0,47.9,2.0,Ford
 Focus,2016,8998,Manual,51324,Diesel,0.0,74.3,1.5,Ford
 Fiesta,2017,9298,Manual,6213,Petrol,125.0,54.3,1.2,Ford
 C-MAX,2016,10998,Manual,27639,Petrol,30.0,55.4,1.0,Ford
 Fiesta,2013,5298,Manual,64628,Petrol,30.0,54.3,1.2,Ford
 Focus,2016,14498,Manual,16501,Diesel,20.0,67.3,2.0,Ford
 Fiesta,2015,6798,Manual,37313,Petrol,0.0,65.7,1.0,Ford
 Fiesta,2014,6998,Manual,33154,Petrol,30.0,54.3,1.2,Ford
 B-MAX,2017,9798,Manual,13163,Petrol,145.0,55.4,1.0,Ford
 EcoSport,2017,9798,Manual,17593,Petrol,125.0,52.3,1.0,Ford
 Focus,2015,9698,Manual,13391,Petrol,20.0,61.4,1.0,Ford
 C-MAX,2017,9498,Manual,31877,Diesel,20.0,68.9,1.5,Ford
 Fiesta,2019,11798,Manual,13783,Petrol,145.0,58.9,1.0,Ford
 Fiesta,2019,11698,Manual,18115,Petrol,145.0,58.9,1.0,Ford
 C-MAX,2017,9998,Manual,34980,Petrol,30.0,55.4,1.0,Ford
 Focus,2015,9698,Manual,30149,Diesel,0.0,74.3,1.5,Ford
 Focus,2017,12698,Manual,9484,Diesel,0.0,74.3,1.5,Ford
 C-MAX,2017,10498,Manual,18250,Diesel,20.0,68.9,1.5,Ford
 Fiesta,2014,7798,Manual,15412,Petrol,0.0,65.7,1.0,Ford
 Focus,2019,19798,Automatic,4797,Diesel,145.0,64.2,2.0,Ford
 Focus,2019,19998,Automatic,2451,Diesel,145.0,64.2,2.0,Ford
 Kuga,2017,16498,Semi-Auto,23224,Diesel,145.0,58.9,1.5,Ford
 Focus,2019,19998,Automatic,6879,Diesel,145.0,51.4,2.0,Ford
 Kuga,2014,9298,Manual,45543,Diesel,145.0,53.3,2.0,Ford
 Golf,2016,13695,Semi-Auto,19292,Diesel,20.0,58.9,1.6,vw
 Golf,2019,23999,Semi-Auto,9302,Diesel,145.0,49.6,2.0,vw
 Golf,2017,13799,Manual,21813,Petrol,145.0,54.3,1.4,vw
 Golf,2017,24999,Semi-Auto,21420,Petrol,145.0,39.8,2.0,vw
 Golf,2017,20299,Semi-Auto,5312,Petrol,150.0,44.1,2.0,vw
 Golf,2017,18495,Manual,23514,Petrol,145.0,47.1,2.0,vw
 Golf,2017,20295,Semi-Auto,6914,Petrol,160.0,44.1,2.0,vw
 Golf,2020,32995,Semi-Auto,2131,Petrol,145.0,32.8,2.0,vw
 Golf,2019,18995,Semi-Auto,8897,Petrol,145.0,47.1,1.5,vw
 Golf,2019,29899,Semi-Auto,7246,Petrol,150.0,32.8,2.0,vw
 Golf,2017,16495,Semi-Auto,30708,Diesel,125.0,58.9,2.0,vw
 Golf,2016,9999,Manual,13941,Petrol,30.0,57.6,1.2,vw
 Golf,2016,12495,Manual,27000,Petrol,30.0,53.3,1.4,vw
 Golf,2016,13195,Manual,20408,Petrol,30.0,53.3,1.4,vw
 Golf,2020,32995,Semi-Auto,2131,Petrol,145.0,32.8,2.0,vw
 Golf,2018,15495,Manual,19238,Diesel,145.0,68.9,2.0,vw
 Golf,2019,18995,Semi-Auto,8897,Petrol,145.0,47.1,1.5,vw
 Golf,2016,14998,Manual,35106,Diesel,20.0,67.3,2.0,vw
 Golf,2017,14498,Semi-Auto,10201,Petrol,30.0,53.3,1.4,vw
 Golf,2017,16298,Semi-Auto,34425,Diesel,125.0,58.9,2.0,vw
 Golf,2015,17998,Manual,46294,Petrol,200.0,39.8,2.0,vw
 Golf,2016,15998,Semi-Auto,42880,Diesel,30.0,62.8,2.0,vw
 Golf,2016,14998,Manual,42804,Diesel,20.0,67.3,2.0,vw
 Golf,2016,13498,Manual,57250,Diesel,20.0,67.3,2.0,vw
 Golf,2015,8498,Manual,72872,Diesel,20.0,68.9,2.0,vw
 Golf,2017,20298,Semi-Auto,26785,Petrol,200.0,40.4,2.0,vw
 Golf,2013,6998,Manual,60039,Diesel,0.0,68.9,1.6,vw
 Golf,2016,16498,Manual,19394,Diesel,20.0,67.3,2.0,vw
 Golf,2019,17998,Manual,30,Diesel,145.0,57.7,1.6,vw
 Golf,2020,21498,Semi-Auto,20,Diesel,150.0,53.3,2.0,vw
 Golf,2019,16998,Manual,12898,Petrol,145.0,47.1,1.5,vw
 Golf,2017,13498,Manual,13916,Petrol,30.0,53.3,1.4,vw
 Golf,2017,13498,Semi-Auto,23375,Petrol,30.0,53.3,1.4,vw
 Golf,2015,12498,Semi-Auto,22358,Petrol,30.0,56.5,1.4,vw
 Golf,2016,13998,Manual,21289,Diesel,20.0,68.9,2.0,vw
 Golf,2016,13698,Manual,66217,Diesel,20.0,67.3,2.0,vw
 Golf,2016,11498,Manual,21305,Diesel,0.0,74.3,1.6,vw
 Golf,2016,16698,Manual,27404,Diesel,20.0,67.3,2.0,vw
 Golf,2015,10298,Manual,43121,Petrol,30.0,53.3,1.4,vw
 Golf,2019,19498,Manual,7729,Petrol,145.0,45.6,1.5,vw
 Golf,2016,15998,Manual,34235,Diesel,20.0,67.3,2.0,vw
 Golf,2013,7698,Manual,59942,Petrol,125.0,53.3,1.4,vw
 Golf,2016,17998,Semi-Auto,23595,Diesel,30.0,62.8,2.0,vw
 Golf,2015,14498,Manual,34667,Diesel,20.0,67.3,2.0,vw
 Golf,2019,18798,Semi-Auto,8650,Diesel,145.0,52.3,2.0,vw
 Golf,2019,15998,Semi-Auto,18069,Petrol,145.0,45.6,1.0,vw
 Golf,2019,19998,Manual,9,Diesel,145.0,62.8,2.0,vw
 Golf,2015,11998,Manual,20761,Petrol,30.0,53.3,1.4,vw
 Golf,2016,11698,Manual,33169,Diesel,20.0,68.9,2.0,vw
 Golf,2019,22998,Manual,16009,Petrol,150.0,37.2,2.0,vw
 Golf,2019,23998,Manual,6489,Petrol,150.0,37.2,2.0,vw
 Golf,2015,14798,Manual,45985,Diesel,20.0,67.3,2.0,vw
 Golf,2017,12498,Manual,23849,Diesel,150.0,61.4,1.6,vw
 Golf,2015,11998,Semi-Auto,18506,Petrol,30.0,53.3,1.4,vw
 Golf,2017,17698,Manual,22981,Diesel,145.0,60.1,2.0,vw
 Golf,2016,11298,Manual,40639,Diesel,20.0,68.9,2.0,vw
 Golf,2015,14998,Manual,27609,Diesel,20.0,67.3,2.0,vw
 Golf,2016,16998,Manual,21701,Diesel,20.0,67.3,2.0,vw
 Golf,2016,15998,Manual,39311,Diesel,20.0,67.3,2.0,vw
 Golf,2016,12498,Semi-Auto,25922,Diesel,20.0,58.9,1.6,vw
 Golf,2014,9998,Manual,60665,Petrol,30.0,58.9,1.4,vw
 Golf,2015,10498,Manual,37663,Petrol,30.0,53.3,1.4,vw
 Golf,2016,11298,Manual,38599,Diesel,0.0,74.3,1.6,vw
 Golf,2016,14498,Manual,55953,Diesel,20.0,67.3,2.0,vw
 Golf,2016,16998,Semi-Auto,23648,Diesel,30.0,62.8,2.0,vw
 Golf,2015,16498,Manual,45063,Petrol,200.0,39.8,2.0,vw
 Golf,2015,11698,Semi-Auto,52431,Diesel,30.0,62.8,2.0,vw
 Golf,2019,13698,Manual,15629,Diesel,145.0,57.7,1.6,vw
 Golf,2017,13998,Manual,11151,Diesel,145.0,61.4,1.6,vw
 Golf,2017,21498,Semi-Auto,25363,Petrol,145.0,44.8,2.0,vw
 Golf,2019,17298,Manual,6399,Petrol,145.0,47.1,1.5,vw
 Golf,2019,17498,Manual,5488,Petrol,145.0,47.1,1.5,vw
 Golf,2016,13998,Manual,59710,Diesel,20.0,67.3,2.0,vw
 Golf,2016,10298,Manual,57777,Diesel,0.0,74.3,1.6,vw
 Golf,2019,20998,Semi-Auto,10,Diesel,145.0,54.3,1.6,vw
 Golf,2015,11498,Manual,24363,Petrol,30.0,53.3,1.4,vw
 Golf,2018,17896,Manual,10050,Petrol,145.0,45.6,1.5,vw
 Golf,2016,10277,Manual,51970,Petrol,30.0,53.3,1.4,vw
 Golf,2016,17698,Semi-Auto,23033,Diesel,30.0,62.8,2.0,vw
 Golf,2015,9998,Semi-Auto,40657,Diesel,20.0,58.9,1.6,vw
 Golf,2016,16998,Manual,24010,Diesel,20.0,67.3,2.0,vw
 Golf,2018,12995,Manual,24601,Diesel,145.0,61.4,1.6,vw
 Golf,2016,10998,Manual,32725,Diesel,0.0,74.3,1.6,vw
 Golf,2017,17788,Semi-Auto,21859,Diesel,30.0,62.8,2.0,vw
 Golf,2019,12498,Manual,15232,Diesel,145.0,57.7,1.6,vw
 Golf,2017,12298,Manual,16921,Diesel,0.0,74.3,1.6,vw
 Golf,2017,17795,Manual,27000,Diesel,145.0,60.1,2.0,vw
 Golf,2017,17298,Manual,28587,Diesel,145.0,60.1,2.0,vw
 Golf,2019,17298,Manual,10787,Petrol,145.0,47.1,1.5,vw
 Golf,2019,17498,Manual,6589,Petrol,145.0,47.1,1.5,vw
 Golf,2017,16500,Semi-Auto,18939,Petrol,20.0,60.1,1.4,vw
 Golf,2016,12495,Manual,16000,Petrol,30.0,53.3,1.4,vw
 Golf,2019,18798,Semi-Auto,7324,Diesel,145.0,52.3,2.0,vw
 Golf,2019,15998,Semi-Auto,15001,Petrol,145.0,45.6,1.0,vw
 Golf,2019,17298,Manual,6206,Petrol,145.0,47.1,1.5,vw
 Golf,2013,8298,Manual,27891,Petrol,30.0,53.3,1.4,vw
 Golf,2020,31498,Semi-Auto,20,Petrol,150.0,32.8,2.0,vw
 Golf,2019,24995,Semi-Auto,2312,Diesel,145.0,49.6,2.0,vw
 Golf,2015,8998,Manual,30788,Petrol,30.0,53.3,1.4,vw
 Golf,2019,17298,Manual,8392,Petrol,145.0,47.1,1.5,vw
 Golf,2019,22998,Manual,18843,Petrol,150.0,37.2,2.0,vw
 Golf,2016,16298,Manual,25360,Diesel,20.0,67.3,2.0,vw
 Golf,2016,18495,Manual,34930,Diesel,20.0,67.3,2.0,vw
 Golf,2017,12495,Manual,20000,Petrol,30.0,53.3,1.4,vw
 Golf,2016,12495,Manual,24943,Petrol,30.0,53.3,1.4,vw
 Golf,2016,10295,Manual,40546,Diesel,0.0,74.3,1.6,vw
 Golf,2014,11498,Manual,73009,Diesel,20.0,67.3,2.0,vw
 Golf,2018,19495,Manual,15396,Diesel,145.0,60.1,2.0,vw
 Golf,2019,16795,Semi-Auto,10173,Diesel,145.0,52.3,1.6,vw
 Golf,2016,10995,Manual,26327,Diesel,0.0,74.3,1.6,vw
 Golf,2015,16998,Manual,43417,Petrol,200.0,39.8,2.0,vw
 Golf,2015,9998,Manual,46026,Petrol,30.0,53.3,1.4,vw
 Golf,2015,11198,Semi-Auto,33843,Petrol,30.0,53.3,1.4,vw
 Golf,2016,15298,Semi-Auto,18099,Petrol,20.0,60.1,1.4,vw
 Golf,2017,13898,Semi-Auto,19633,Petrol,30.0,53.3,1.4,vw
 Golf,2015,16995,Manual,51244,Petrol,205.0,39.8,2.0,vw
 Golf,2014,15998,Manual,41201,Petrol,200.0,39.8,2.0,vw
 Golf,2016,12998,Manual,16793,Petrol,30.0,53.3,1.4,vw
 Golf,2013,6998,Manual,68931,Diesel,0.0,68.9,1.6,vw
 Golf,2017,11698,Manual,20618,Diesel,145.0,61.4,1.6,vw
 Golf,2019,22798,Semi-Auto,14,Diesel,145.0,53.3,2.0,vw
 Golf,2017,14498,Semi-Auto,8189,Diesel,20.0,68.9,1.4,vw
 Golf,2015,10998,Semi-Auto,30552,Petrol,30.0,56.5,1.4,vw
 Golf,2015,10298,Manual,35381,Petrol,30.0,53.3,1.4,vw
 Golf,2013,6498,Manual,81025,Diesel,0.0,68.9,1.6,vw
 Golf,2016,15498,Manual,22487,Diesel,20.0,67.3,2.0,vw
 Golf,2015,8520,Manual,33785,Diesel,0.0,74.3,1.6,vw
 Golf,2015,18440,Manual,16794,Petrol,200.0,39.8,2.0,vw
 Golf,2017,16498,Manual,26175,Petrol,145.0,47.1,2.0,vw
 Golf,2015,9698,Manual,49476,Petrol,30.0,53.3,1.4,vw
 Golf,2020,31498,Semi-Auto,50,Petrol,150.0,32.8,2.0,vw
 Golf,2020,21498,Semi-Auto,50,Diesel,150.0,53.3,2.0,vw
 Golf,2020,30498,Semi-Auto,50,Petrol,150.0,32.8,2.0,vw
 Golf,2020,21998,Manual,50,Petrol,150.0,47.9,1.5,vw
 Golf,2020,21498,Semi-Auto,50,Diesel,150.0,53.3,2.0,vw
 Golf,2019,23995,Manual,3000,Petrol,145.0,37.7,2.0,vw
 Golf,2015,12990,Manual,74166,Diesel,20.0,67.3,2.0,vw
 Golf,2016,16647,Manual,14027,Petrol,145.0,47.1,2.0,vw
 Golf,2013,7380,Manual,34750,Petrol,30.0,57.6,1.2,vw
 Golf,2019,24995,Manual,1903,Petrol,145.0,37.7,2.0,vw
 Golf,2017,17498,Semi-Auto,23828,Diesel,30.0,62.8,2.0,vw
 Golf,2019,19998,Manual,15,Diesel,145.0,62.8,2.0,vw
 Golf,2016,11998,Manual,28982,Diesel,0.0,74.3,1.6,vw
 Golf,2015,10298,Manual,39726,Petrol,30.0,53.3,1.4,vw
 Golf,2020,29995,Semi-Auto,3569,Petrol,145.0,32.8,2.0,vw
 Golf,2019,23995,Semi-Auto,12332,Diesel,145.0,49.6,2.0,vw
 Golf,2020,21498,Semi-Auto,10,Diesel,150.0,53.3,2.0,vw
 Golf,2019,17898,Manual,1,Diesel,145.0,57.7,1.6,vw
 Golf,2016,12398,Manual,20735,Petrol,30.0,53.3,1.4,vw
 Golf,2018,23495,Semi-Auto,12200,Petrol,145.0,37.7,2.0,vw
 Golf,2016,10995,Manual,37950,Petrol,30.0,53.3,1.4,vw
 Golf,2019,25995,Semi-Auto,10000,Diesel,145.0,49.6,2.0,vw
 Golf,2016,16995,Manual,22774,Petrol,145.0,47.1,2.0,vw
 Golf,2015,11498,Manual,18591,Petrol,30.0,53.3,1.4,vw
 Golf,2015,13998,Manual,44225,Diesel,20.0,67.3,2.0,vw
 Golf,2016,13998,Semi-Auto,13250,Petrol,30.0,53.3,1.4,vw
 Golf,2016,11798,Semi-Auto,39126,Petrol,0.0,65.7,1.0,vw
 Golf,2019,19998,Manual,15,Diesel,145.0,57.7,1.6,vw
 Golf,2016,10998,Manual,39995,Petrol,30.0,53.3,1.4,vw
 Golf,2020,21498,Semi-Auto,10,Diesel,150.0,53.3,2.0,vw
 Golf,2017,18998,Manual,16015,Diesel,20.0,67.3,2.0,vw
 Golf,2016,12498,Manual,13911,Petrol,30.0,53.3,1.4,vw
 Golf,2017,15498,Manual,23926,Diesel,20.0,68.9,2.0,vw
 Golf,2017,11498,Manual,30062,Diesel,0.0,74.3,1.6,vw
 Golf,2019,20998,Semi-Auto,10,Diesel,145.0,54.3,1.6,vw
 Golf,2019,20998,Semi-Auto,10,Diesel,145.0,54.3,1.6,vw
 Golf,2017,17998,Manual,20481,Diesel,20.0,67.3,2.0,vw
 Golf,2020,21498,Semi-Auto,10,Diesel,150.0,53.3,2.0,vw
 Golf,2020,30498,Semi-Auto,10,Petrol,150.0,32.8,2.0,vw
 Golf,2020,30498,Semi-Auto,10,Petrol,150.0,32.8,2.0,vw
 Golf,2017,13298,Manual,10191,Petrol,30.0,53.3,1.4,vw
 Golf,2017,13998,Manual,34457,Petrol,20.0,60.1,1.4,vw
 Golf,2016,12998,Manual,11330,Petrol,30.0,53.3,1.4,vw
 Golf,2016,10998,Manual,32240,Diesel,0.0,74.3,1.6,vw
 Golf,2016,14677,Manual,42146,Diesel,20.0,67.3,2.0,vw
 Golf,2016,15887,Manual,25357,Diesel,20.0,67.3,2.0,vw
 Golf,2016,9998,Manual,57395,Diesel,0.0,74.3,1.6,vw
 Golf,2014,8198,Manual,42339,Diesel,0.0,68.9,1.6,vw
 Golf,2019,19450,Semi-Auto,3700,Diesel,145.0,52.3,2.0,vw
 Golf,2016,13295,Manual,32700,Diesel,20.0,68.9,2.0,vw
 Golf,2019,18950,Semi-Auto,4392,Diesel,150.0,52.3,2.0,vw
 Golf,2015,11998,Manual,67125,Diesel,20.0,67.3,2.0,vw
 Golf,2019,17298,Manual,6841,Petrol,145.0,47.1,1.5,vw
 Golf,2016,18498,Semi-Auto,14731,Petrol,160.0,44.1,2.0,vw
 Golf,2019,17298,Manual,5784,Petrol,145.0,47.1,1.5,vw
 Golf,2019,20398,Manual,10,Diesel,145.0,57.7,1.6,vw
 Golf,2019,19450,Semi-Auto,3935,Diesel,150.0,52.3,2.0,vw
 Golf,2019,19450,Semi-Auto,5853,Diesel,150.0,52.3,2.0,vw
 Golf,2019,19950,Semi-Auto,7384,Diesel,150.0,52.3,2.0,vw
 Golf,2019,15450,Manual,4075,Diesel,150.0,57.7,1.6,vw
 Golf,2019,14950,Manual,13775,Diesel,150.0,57.7,1.6,vw
 Golf,2019,14950,Manual,10904,Diesel,150.0,57.7,1.6,vw
 Golf,2017,14698,Manual,54457,Diesel,20.0,67.3,2.0,vw
 Golf,2016,15450,Manual,17000,Petrol,20.0,60.1,1.4,vw
 Golf,2016,18998,Manual,12000,Petrol,150.0,47.1,2.0,vw
 Golf,2019,20498,Semi-Auto,5193,Petrol,145.0,43.5,1.5,vw
 Corolla,2019,23888,Automatic,14417,Hybrid,140.0,72.4,2.0,toyota
 Corolla,2019,22495,Automatic,2034,Hybrid,140.0,78.5,1.8,toyota
 Corolla,2020,28495,Automatic,2141,Hybrid,140.0,56.5,1.8,toyota
 Corolla,2019,25195,Automatic,3998,Hybrid,135.0,72.4,2.0,toyota
 Corolla,2019,21495,Automatic,10420,Hybrid,140.0,85.6,1.8,toyota
 Corolla,2019,21790,Automatic,10120,Hybrid,140.0,78.5,1.8,toyota
 Corolla,2020,24995,Automatic,3989,Hybrid,135.0,57.7,1.8,toyota
 Corolla,2020,22995,Automatic,636,Hybrid,135.0,62.8,1.8,toyota
 Corolla,2019,26995,Automatic,3000,Hybrid,140.0,72.4,2.0,toyota
 Corolla,2019,21995,Automatic,9333,Hybrid,135.0,78.5,1.8,toyota
 Corolla,2019,17495,Manual,999,Petrol,145.0,39.2,1.2,toyota
 Corolla,2019,22050,Automatic,12000,Hybrid,135.0,72.4,2.0,toyota
 Corolla,2020,28795,Automatic,1544,Hybrid,135.0,53.3,2.0,toyota
 Corolla,2020,20692,Manual,7345,Petrol,145.0,39.2,1.2,toyota
 Corolla,2019,21495,Automatic,20657,Hybrid,140.0,85.6,1.8,toyota
 Corolla,2019,22514,Automatic,8309,Hybrid,135.0,78.5,1.8,toyota
 Corolla,2020,29450,Automatic,943,Hybrid,135.0,53.3,2.0,toyota
 Corolla,2020,26950,Automatic,3168,Hybrid,135.0,53.3,2.0,toyota
 Corolla,2020,24995,Automatic,2136,Hybrid,135.0,56.5,1.8,toyota
 Corolla,2019,23000,Automatic,6158,Hybrid,140.0,72.4,2.0,toyota
 Corolla,2019,20689,Automatic,7963,Hybrid,135.0,85.6,1.8,toyota
 Corolla,2019,19219,Manual,384,Petrol,145.0,39.2,1.2,toyota
 Corolla,2019,21991,Automatic,5000,Hybrid,135.0,78.5,1.8,toyota
 Corolla,2019,22980,Automatic,3459,Hybrid,135.0,72.4,2.0,toyota
 Corolla,2019,15291,Manual,7317,Petrol,145.0,39.2,1.2,toyota
 Corolla,2019,22780,Automatic,9980,Hybrid,135.0,72.4,2.0,toyota
 Corolla,2020,19495,Manual,4568,Petrol,150.0,39.2,1.2,toyota
 Corolla,2019,18991,Automatic,7000,Hybrid,135.0,85.6,1.8,toyota
 Corolla,2019,19291,Automatic,13998,Hybrid,135.0,85.6,1.8,toyota
 Corolla,2019,23505,Automatic,9264,Hybrid,135.0,78.5,1.8,toyota
 Corolla,2019,17865,Manual,17197,Petrol,145.0,39.2,1.2,toyota
 Corolla,2019,20499,Automatic,4942,Hybrid,135.0,85.6,1.8,toyota
 Corolla,2020,27893,Automatic,3390,Hybrid,135.0,72.4,2.0,toyota
 Corolla,2019,22226,Automatic,9264,Hybrid,135.0,78.5,1.8,toyota
 Corolla,2019,16821,Manual,6329,Petrol,145.0,39.2,1.2,toyota
 Corolla,2020,25998,Automatic,5000,Hybrid,140.0,53.3,2.0,toyota
 Corolla,2003,1495,Manual,89000,Petrol,235.0,39.2,1.6,toyota
 Corolla,2019,20995,Automatic,6834,Hybrid,135.0,72.4,2.0,toyota
 Corolla,2019,17989,Manual,151,Petrol,145.0,39.2,1.2,toyota
 Corolla,2019,26999,Automatic,6500,Hybrid,140.0,72.4,2.0,toyota
 Corolla,2004,1250,Manual,111000,Petrol,260.0,37.2,1.8,toyota
 Corolla,2019,16495,Manual,5517,Petrol,145.0,39.2,1.2,toyota
 Corolla,2019,17995,Manual,3792,Petrol,145.0,39.2,1.2,toyota
 Corolla,2019,16495,Manual,5139,Petrol,145.0,39.2,1.2,toyota
 Corolla,2019,23995,Automatic,42,Hybrid,135.0,57.7,1.8,toyota
 Corolla,2020,25995,Automatic,100,Hybrid,135.0,53.3,2.0,toyota
 Corolla,2019,22250,Automatic,10932,Hybrid,135.0,78.5,1.8,toyota
 Corolla,2019,19995,Automatic,14198,Hybrid,135.0,85.6,1.8,toyota
 Corolla,2019,22485,Automatic,9111,Hybrid,140.0,78.5,1.8,toyota
 Corolla,2019,20985,Automatic,5372,Hybrid,135.0,85.6,1.8,toyota
 Corolla,2019,21999,Automatic,17095,Hybrid,140.0,72.4,2.0,toyota
 Corolla,2019,17999,Manual,20,Petrol,145.0,39.2,1.2,toyota
 Corolla,2019,17499,Manual,20,Petrol,145.0,39.2,1.2,toyota
 Corolla,2019,16299,Manual,18020,Petrol,145.0,39.2,1.2,toyota
 Corolla,2019,21450,Automatic,9244,Hybrid,140.0,85.6,1.8,toyota
 Corolla,2019,20499,Automatic,10436,Hybrid,135.0,78.5,1.8,toyota
 Corolla,2019,16491,Manual,15,Petrol,145.0,39.2,1.2,toyota
 Corolla,2019,21450,Automatic,7899,Hybrid,135.0,85.6,1.8,toyota
 Corolla,2019,21450,Automatic,8908,Hybrid,135.0,78.5,1.8,toyota
 Corolla,2003,2195,Automatic,102000,Petrol,300.0,34.5,1.8,toyota
 Corolla,2019,21995,Automatic,4800,Hybrid,135.0,85.6,1.8,toyota
 Corolla,2019,22691,Automatic,3698,Hybrid,135.0,72.4,2.0,toyota
 Corolla,2019,15991,Manual,10,Petrol,145.0,39.2,1.2,toyota
 Corolla,2019,15991,Manual,10,Petrol,145.0,39.2,1.2,toyota
 Corolla,2019,23490,Automatic,8239,Hybrid,135.0,78.5,1.8,toyota
 Corolla,2019,25495,Automatic,9317,Hybrid,135.0,85.6,1.8,toyota
 Corolla,2001,899,Automatic,76000,Petrol,300.0,35.3,1.6,toyota
 Corolla,2019,17790,Manual,15,Petrol,145.0,39.2,1.2,toyota
 Corolla,2019,17990,Manual,10,Petrol,145.0,39.2,1.2,toyota
 Corolla,2019,16990,Manual,10,Petrol,145.0,39.2,1.2,toyota
 Corolla,2008,4295,Manual,76300,Petrol,260.0,36.7,1.8,toyota
 Corolla,2019,19795,Automatic,7841,Hybrid,135.0,78.5,1.8,toyota
 Corolla,2019,23395,Automatic,10513,Hybrid,140.0,85.6,1.8,toyota
 Corolla,2019,18700,Manual,6597,Petrol,145.0,39.2,1.2,toyota
 Corolla,2019,22700,Automatic,6289,Hybrid,135.0,78.5,1.8,toyota
 Corolla,2019,16790,Manual,97,Petrol,145.0,39.2,1.2,toyota
 Corolla,2019,23700,Automatic,3628,Hybrid,135.0,72.4,2.0,toyota
 Corolla,2020,26700,Automatic,3675,Hybrid,135.0,53.3,2.0,toyota
 Corolla,2019,23650,Automatic,8087,Hybrid,135.0,72.4,2.0,toyota
 Corolla,2019,21990,Automatic,12000,Hybrid,135.0,78.5,1.8,toyota
 Corolla,2020,19790,Manual,3000,Petrol,145.0,39.2,1.2,toyota
 Corolla,2019,20450,Automatic,8000,Hybrid,135.0,85.6,1.8,toyota
 Corolla,2019,16200,Manual,3837,Petrol,145.0,39.2,1.2,toyota
 Corolla,2019,21491,Automatic,3993,Hybrid,135.0,85.6,1.8,toyota
 Corolla,2020,25990,Automatic,1112,Other,135.0,53.3,2.0,toyota
 Corolla,2019,21850,Automatic,9300,Hybrid,135.0,58.9,1.8,toyota
 Corolla,2020,23550,Automatic,3000,Hybrid,135.0,58.9,1.8,toyota
 Corolla,2019,21991,Automatic,13000,Hybrid,135.0,78.5,1.8,toyota
 Corolla,2019,22850,Automatic,9000,Hybrid,135.0,78.5,1.8,toyota
 Corolla,2019,19990,Automatic,9968,Hybrid,135.0,85.6,1.8,toyota
 Corolla,2019,19990,Automatic,10175,Hybrid,135.0,85.6,1.8,toyota
 Corolla,2019,25650,Automatic,4000,Hybrid,135.0,72.4,2.0,toyota
 Corolla,2019,21350,Automatic,15481,Hybrid,135.0,78.5,1.8,toyota
 Corolla,2019,22990,Automatic,7000,Hybrid,135.0,78.5,1.8,toyota
 Corolla,2019,22990,Automatic,6000,Hybrid,135.0,78.5,1.8,toyota
 Corolla,2019,23650,Automatic,7000,Hybrid,135.0,85.6,1.8,toyota
 Corolla,2019,21990,Automatic,10055,Hybrid,135.0,78.5,1.8,toyota
 Corolla,2020,18990,Manual,3000,Petrol,145.0,39.2,1.2,toyota
 Corolla,2019,21500,Automatic,6610,Hybrid,135.0,85.6,1.8,toyota
 Corolla,2019,21690,Automatic,9823,Hybrid,135.0,78.5,1.8,toyota
 Corolla,2019,22750,Automatic,9000,Hybrid,135.0,72.4,2.0,toyota
 Corolla,2019,22250,Automatic,8563,Hybrid,135.0,78.5,1.8,toyota
 Corolla,2019,24495,Automatic,2165,Hybrid,135.0,72.4,2.0,toyota
 Corolla,2019,24295,Automatic,6568,Hybrid,135.0,72.4,2.0,toyota
 Corolla,2019,22000,Automatic,7575,Hybrid,135.0,78.5,1.8,toyota
 Corolla,2019,16500,Manual,6170,Petrol,145.0,39.2,1.2,toyota
 Corolla,2019,23500,Automatic,6033,Hybrid,135.0,78.5,1.8,toyota
 Corolla,2007,2795,Manual,71248,Petrol,260.0,36.7,1.8,toyota
 Corolla,2005,2495,Manual,88150,Diesel,125.0,58.9,1.4,toyota
 Corolla,2005,3495,Manual,77500,Petrol,235.0,40.4,1.6,toyota
 Corolla,2004,2095,Manual,96000,Petrol,260.0,36.7,1.8,toyota
 Corolla,2019,23250,Automatic,3568,Hybrid,140.0,72.4,2.0,toyota
 Corolla,2019,21494,Automatic,7792,Hybrid,135.0,78.5,1.8,toyota
 Corolla,2019,21249,Automatic,10353,Hybrid,135.0,85.6,1.8,toyota
 Corolla,2019,21250,Automatic,7125,Hybrid,135.0,85.6,1.8,toyota
 Corolla,2019,21995,Automatic,8661,Hybrid,135.0,78.5,1.8,toyota
 Corolla,2019,22995,Automatic,4319,Hybrid,140.0,85.6,1.8,toyota
 RAV4,2019,30500,Automatic,13326,Other,140.0,51.1,2.5,toyota
 RAV4,2017,20000,Automatic,30379,Hybrid,20.0,57.6,2.5,toyota
 RAV4,2017,16500,Manual,25271,Diesel,125.0,60.1,2.0,toyota
 RAV4,2016,15995,Manual,11291,Diesel,125.0,60.1,2.0,toyota
 RAV4,2015,13500,Manual,45757,Diesel,125.0,57.6,2.0,toyota
 RAV4,2017,22480,Automatic,25170,Hybrid,135.0,55.4,2.5,toyota
 RAV4,2015,13698,Automatic,43830,Diesel,260.0,42.2,2.2,toyota
 RAV4,2016,17998,Automatic,58377,Hybrid,20.0,55.4,2.5,toyota
 RAV4,2016,14998,Manual,40054,Diesel,125.0,60.1,2.0,toyota
 RAV4,2013,10998,Automatic,45322,Diesel,260.0,42.2,2.2,toyota
 RAV4,2016,13498,Manual,32061,Diesel,125.0,60.1,2.0,toyota
 RAV4,2017,17500,Automatic,26528,Petrol,145.0,43.5,2.0,toyota
 RAV4,2017,16498,Automatic,37539,Petrol,200.0,43.5,2.0,toyota
 RAV4,2014,9698,Manual,80049,Diesel,145.0,53.0,2.0,toyota
 RAV4,2016,14817,Manual,35286,Diesel,125.0,60.1,2.0,toyota
 RAV4,2019,29399,Automatic,9650,Hybrid,135.0,51.1,2.5,toyota
 RAV4,2019,32995,Automatic,7017,Hybrid,135.0,49.6,2.5,toyota
 RAV4,2016,19995,Automatic,40827,Hybrid,20.0,55.4,2.5,toyota
 RAV4,2016,20495,Automatic,18000,Hybrid,20.0,57.6,2.5,toyota
 RAV4,2016,21495,Automatic,29489,Hybrid,20.0,55.4,2.5,toyota
 RAV4,2019,29995,Automatic,20124,Hybrid,140.0,51.1,2.5,toyota
 RAV4,2016,20495,Automatic,41060,Hybrid,20.0,55.4,2.5,toyota
 RAV4,2017,20795,Automatic,25000,Hybrid,20.0,57.6,2.5,toyota
 RAV4,2015,11995,Manual,49150,Diesel,125.0,57.6,2.0,toyota
 RAV4,2016,13995,Manual,71046,Diesel,125.0,60.1,2.0,toyota
 RAV4,2014,12995,Manual,69401,Diesel,125.0,57.6,2.0,toyota
 RAV4,2016,14495,Manual,49097,Diesel,125.0,60.1,2.0,toyota
 RAV4,2016,14695,Manual,39591,Diesel,125.0,60.1,2.0,toyota
 RAV4,2019,29498,Automatic,9727,Hybrid,135.0,49.6,2.5,toyota
 RAV4,2019,31498,Automatic,9258,Hybrid,135.0,49.6,2.5,toyota
 RAV4,2014,11498,Automatic,47545,Diesel,260.0,42.2,2.2,toyota
 RAV4,2014,10998,Manual,50709,Diesel,150.0,53.0,2.0,toyota
 RAV4,2017,20498,Automatic,10957,Petrol,150.0,43.5,2.0,toyota
 RAV4,2013,10498,Manual,54057,Diesel,160.0,49.6,2.2,toyota
 RAV4,2015,9998,Manual,60998,Diesel,125.0,57.6,2.0,toyota
 RAV4,2015,12998,Manual,41486,Diesel,145.0,53.0,2.0,toyota
 RAV4,2017,13998,Manual,48713,Diesel,125.0,60.1,2.0,toyota
 RAV4,2017,14698,Manual,50039,Diesel,145.0,60.1,2.0,toyota
 RAV4,2019,28998,Automatic,10910,Hybrid,135.0,51.1,2.5,toyota
 RAV4,2018,19698,Automatic,21893,Petrol,145.0,43.5,2.0,toyota
 RAV4,2015,15298,Semi-Auto,21232,Petrol,235.0,39.2,2.0,toyota
 RAV4,2019,37440,Automatic,2764,Hybrid,135.0,51.1,2.5,toyota
 RAV4,2016,20990,Automatic,18880,Hybrid,20.0,57.6,2.5,toyota
 RAV4,2017,19998,Automatic,10028,Petrol,145.0,43.5,2.0,toyota
 RAV4,2017,20990,Automatic,29515,Hybrid,20.0,57.6,2.5,toyota
 RAV4,2016,23990,Automatic,25614,Hybrid,20.0,55.4,2.5,toyota
 RAV4,2016,23990,Automatic,20101,Hybrid,20.0,55.4,2.5,toyota
 RAV4,2016,13495,Manual,30124,Diesel,125.0,60.1,2.0,toyota
 RAV4,2017,15995,Manual,59205,Diesel,125.0,60.1,2.0,toyota
 RAV4,2016,17495,Automatic,58100,Hybrid,20.0,55.4,2.5,toyota
 RAV4,2014,12998,Automatic,41389,Diesel,260.0,42.2,2.2,toyota
 RAV4,2016,13998,Manual,36030,Diesel,125.0,60.1,2.0,toyota
 RAV4,2017,14998,Manual,32087,Diesel,145.0,60.1,2.0,toyota
 RAV4,2016,19498,Automatic,19618,Hybrid,20.0,57.6,2.5,toyota
 RAV4,2019,34990,Automatic,5000,Hybrid,135.0,49.6,2.5,toyota
 RAV4,2015,9998,Manual,81503,Diesel,125.0,57.6,2.0,toyota
 RAV4,2017,16295,Manual,34633,Diesel,125.0,60.1,2.0,toyota
 RAV4,2016,17495,Automatic,58100,Hybrid,20.0,55.4,2.5,toyota
 RAV4,2017,16295,Manual,34633,Diesel,125.0,60.1,2.0,toyota
 RAV4,2015,13495,Manual,28308,Diesel,150.0,53.0,2.0,toyota
 RAV4,2016,15200,Manual,27232,Diesel,125.0,60.1,2.0,toyota
 RAV4,2017,24070,Automatic,14766,Hybrid,135.0,55.4,2.5,toyota
 RAV4,2016,19970,Automatic,35445,Hybrid,20.0,57.6,2.5,toyota
 RAV4,2019,29570,Automatic,7823,Hybrid,135.0,51.1,2.5,toyota
 RAV4,2017,14498,Manual,41201,Diesel,145.0,60.1,2.0,toyota
 RAV4,2016,17995,Automatic,49254,Hybrid,20.0,55.4,2.5,toyota
 RAV4,2019,27570,Automatic,15581,Hybrid,135.0,52.3,2.5,toyota
 RAV4,2019,34990,Automatic,5660,Hybrid,140.0,49.6,2.5,toyota
 RAV4,2015,14490,Automatic,59454,Diesel,265.0,42.2,2.2,toyota
 RAV4,2017,14495,Manual,37893,Diesel,125.0,60.1,2.0,toyota
 RAV4,2017,23070,Automatic,23605,Hybrid,20.0,55.4,2.5,toyota
 RAV4,2019,29995,Automatic,9709,Hybrid,135.0,49.6,2.5,toyota
 RAV4,2014,9798,Manual,77512,Diesel,145.0,53.0,2.0,toyota
 RAV4,2016,14498,Manual,23485,Diesel,125.0,60.1,2.0,toyota
 RAV4,2016,14998,Manual,28083,Diesel,125.0,60.1,2.0,toyota
 RAV4,2014,11998,Semi-Auto,51258,Petrol,235.0,39.2,2.0,toyota
 RAV4,2014,10995,Manual,59627,Diesel,125.0,57.6,2.0,toyota
 RAV4,2019,27293,Automatic,19814,Hybrid,135.0,49.6,2.5,toyota
 RAV4,2017,19988,Automatic,31057,Hybrid,135.0,57.6,2.5,toyota
 RAV4,2014,9998,Manual,78650,Diesel,160.0,49.6,2.2,toyota
 RAV4,2017,21971,Automatic,37258,Hybrid,20.0,55.4,2.5,toyota
 RAV4,2016,19452,Automatic,27176,Hybrid,20.0,57.6,2.5,toyota
 RAV4,2017,20667,Automatic,25000,Hybrid,20.0,57.6,2.5,toyota
 RAV4,2013,10990,Automatic,45000,Diesel,260.0,42.2,2.2,toyota
 RAV4,2017,18495,Automatic,40101,Hybrid,20.0,57.6,2.5,toyota
 RAV4,2016,13995,Manual,38338,Diesel,125.0,60.1,2.0,toyota
 RAV4,2019,31995,Automatic,11970,Hybrid,140.0,49.6,2.5,toyota
 RAV4,2019,31995,Automatic,11728,Hybrid,140.0,49.6,2.5,toyota
 RAV4,2017,19990,Automatic,29802,Hybrid,135.0,55.4,2.5,toyota
 RAV4,2016,14295,Manual,31887,Diesel,125.0,60.1,2.0,toyota
 RAV4,2017,22795,Automatic,20216,Hybrid,20.0,55.4,2.5,toyota
 RAV4,2016,18500,Automatic,46035,Hybrid,20.0,55.4,2.5,toyota
 RAV4,2015,11495,Manual,44652,Diesel,150.0,53.0,2.0,toyota
 RAV4,2014,10999,Manual,57942,Diesel,145.0,53.0,2.0,toyota
 RAV4,2017,21998,Automatic,13285,Hybrid,135.0,57.6,2.5,toyota
 RAV4,2016,17250,Automatic,60602,Hybrid,20.0,55.4,2.5,toyota
 RAV4,2016,18695,Automatic,46035,Hybrid,20.0,55.4,2.5,toyota
 RAV4,2017,13998,Manual,32815,Diesel,125.0,60.1,2.0,toyota
 RAV4,2014,9780,Manual,88870,Diesel,125.0,57.6,2.0,toyota
 RAV4,2016,18998,Automatic,30117,Hybrid,20.0,57.6,2.5,toyota
 RAV4,2015,10995,Manual,63000,Diesel,165.0,49.6,2.2,toyota
 RAV4,2017,22995,Automatic,28486,Hybrid,20.0,55.4,2.5,toyota
 RAV4,2016,19490,Automatic,30000,Hybrid,20.0,57.6,2.5,toyota
 RAV4,2015,12480,Automatic,45848,Diesel,265.0,42.2,2.2,toyota
 RAV4,2017,21000,Automatic,27999,Hybrid,135.0,57.6,2.5,toyota
 RAV4,2016,21000,Automatic,31059,Hybrid,20.0,55.4,2.5,toyota
 RAV4,2014,10999,Manual,57942,Diesel,145.0,53.0,2.0,toyota
 RAV4,2017,22000,Automatic,19511,Hybrid,20.0,55.4,2.5,toyota
 RAV4,2016,12498,Manual,49814,Diesel,125.0,60.1,2.0,toyota
 RAV4,2018,25500,Automatic,18861,Hybrid,135.0,55.4,2.5,toyota
 Superb,2019,18998,Semi-Auto,8545,Diesel,145.0,62.8,2.0,skoda
 Octavia,2018,12698,Manual,12290,Diesel,145.0,68.9,1.6,skoda
 Superb,2017,17304,Semi-Auto,27973,Petrol,160.0,45.6,2.0,skoda
 Rapid,2018,10895,Manual,15258,Petrol,145.0,61.4,1.0,skoda
 Fabia,2017,8976,Manual,42007,Diesel,20.0,70.6,1.4,skoda
 Yeti Outdoor,2017,13618,Semi-Auto,39885,Diesel,160.0,51.4,2.0,skoda
 Fabia,2016,7790,Manual,22150,Petrol,20.0,60.1,1.2,skoda
 Scala,2020,19952,Manual,1652,Petrol,145.0,47.9,1.5,skoda
 Fabia,2016,7862,Manual,45399,Diesel,0.0,78.6,1.4,skoda
 Fabia,2016,5860,Manual,30740,Petrol,20.0,60.1,1.0,skoda
 Citigo,2016,6373,Manual,11510,Petrol,20.0,62.8,1.0,skoda
 Fabia,2016,9125,Manual,32257,Petrol,20.0,60.1,1.2,skoda
 Yeti Outdoor,2017,11713,Manual,34989,Petrol,125.0,51.4,1.2,skoda
 Fabia,2017,8567,Manual,7130,Petrol,150.0,60.1,1.2,skoda
 Rapid,2014,6682,Manual,34200,Petrol,125.0,52.3,1.2,skoda
 Fabia,2017,8372,Manual,31398,Petrol,145.0,60.1,1.2,skoda
 Octavia,2014,8752,Manual,43756,Diesel,20.0,68.9,2.0,skoda
 Karoq,2019,27123,Automatic,4910,Diesel,145.0,42.8,2.0,skoda
 Karoq,2019,19944,Automatic,3499,Diesel,145.0,62.8,1.6,skoda
 Kodiaq,2019,29136,Automatic,7691,Diesel,145.0,37.2,2.0,skoda
 Karoq,2019,18513,Manual,7328,Diesel,145.0,62.8,1.6,skoda
 Yeti Outdoor,2014,10673,Semi-Auto,42400,Diesel,200.0,44.8,2.0,skoda
 Kodiaq,2017,17146,Manual,16425,Petrol,145.0,46.3,1.4,skoda
 Fabia,2019,11611,Manual,2407,Petrol,145.0,51.4,1.0,skoda
 Scala,2019,17925,Automatic,5860,Diesel,145.0,54.3,1.6,skoda
 Superb,2017,15968,Semi-Auto,60273,Diesel,145.0,61.4,2.0,skoda
 Octavia,2019,18738,Automatic,3461,Petrol,145.0,45.6,1.5,skoda
 Scala,2019,16713,Manual,3257,Petrol,145.0,49.6,1.0,skoda
 Kamiq,2019,17169,Manual,2300,Petrol,145.0,47.9,1.0,skoda
 Kamiq,2019,17479,Automatic,2970,Petrol,145.0,45.6,1.0,skoda
 Kamiq,2019,18944,Manual,1500,Petrol,145.0,47.1,1.0,skoda
 Fabia,2016,8100,Manual,38365,Petrol,20.0,60.1,1.2,skoda
 Fabia,2016,7584,Manual,35108,Petrol,20.0,60.1,1.2,skoda
 Citigo,2018,7900,Manual,10390,Petrol,145.0,64.2,1.0,skoda
 Kodiaq,2018,20000,Automatic,23689,Petrol,145.0,44.8,1.4,skoda
 Fabia,2018,11000,Manual,6207,Petrol,145.0,60.1,1.0,skoda
 Octavia,2019,19000,Semi-Auto,2778,Diesel,145.0,70.6,1.6,skoda
 Superb,2019,18045,Automatic,4200,Petrol,145.0,36.7,1.5,skoda
 Superb,2019,16416,Manual,4776,Petrol,145.0,40.9,1.5,skoda
 Karoq,2019,25626,Manual,3600,Diesel,145.0,42.8,2.0,skoda
 Octavia,2019,18767,Manual,2876,Diesel,145.0,53.3,2.0,skoda
 Superb,2019,24143,Automatic,6638,Diesel,145.0,48.7,2.0,skoda
 Fabia,2019,11883,Manual,2140,Petrol,145.0,61.4,1.0,skoda
 Superb,2020,28084,Semi-Auto,9500,Hybrid,135.0,188.3,1.4,skoda
 Superb,2019,26592,Semi-Auto,1949,Petrol,150.0,39.2,1.5,skoda
 Kodiaq,2019,22984,Automatic,6940,Petrol,150.0,34.0,1.5,skoda
 Fabia,2019,10167,Manual,11498,Petrol,150.0,57.7,1.0,skoda
 Kodiaq,2019,30000,Automatic,4533,Diesel,145.0,39.2,2.0,skoda
 Octavia,2019,24000,Semi-Auto,5988,Diesel,145.0,55.4,2.0,skoda
 Yeti,2013,6995,Manual,58077,Diesel,200.0,46.3,2.0,skoda
 Rapid,2016,8498,Manual,31220,Diesel,0.0,67.3,1.6,skoda
 Octavia,2018,15598,Manual,29806,Diesel,145.0,65.7,2.0,skoda
 Rapid,2019,9498,Manual,14837,Petrol,145.0,58.9,1.0,skoda
 Fabia,2016,7895,Manual,27003,Petrol,20.0,60.1,1.2,skoda
 Kodiaq,2018,20790,Automatic,32274,Diesel,145.0,49.6,2.0,skoda
 Octavia,2019,12998,Semi-Auto,8685,Petrol,145.0,61.4,1.0,skoda
 Fabia,2019,10112,Manual,12395,Petrol,150.0,57.7,1.0,skoda
 Octavia,2019,14750,Semi-Auto,11548,Diesel,150.0,70.6,1.6,skoda
 Octavia,2019,14937,Semi-Auto,10429,Petrol,150.0,57.7,1.0,skoda
 Fabia,2019,10207,Manual,12523,Petrol,150.0,57.7,1.0,skoda
 Fabia,2019,10216,Manual,10720,Petrol,150.0,57.7,1.0,skoda
 Kodiaq,2019,25971,Automatic,14507,Petrol,150.0,31.7,2.0,skoda
 Kodiaq,2019,25226,Manual,15,Diesel,150.0,42.2,2.0,skoda
 Fabia,2019,11998,Manual,15,Petrol,145.0,51.4,1.0,skoda
 Octavia,2019,24698,Semi-Auto,15,Petrol,145.0,47.9,2.0,skoda
 Scala,2019,18498,Semi-Auto,15,Diesel,145.0,54.3,1.6,skoda
 Fabia,2019,14298,Manual,15,Petrol,145.0,61.4,1.0,skoda
 Fabia,2019,14499,Manual,2841,Petrol,145.0,60.1,1.0,skoda
 Superb,2019,26000,Semi-Auto,2566,Petrol,145.0,38.2,2.0,skoda
 Octavia,2020,21000,Manual,108,Diesel,145.0,54.3,2.0,skoda
 Yeti,2013,8000,Manual,59006,Diesel,205.0,47.1,2.0,skoda
 Karoq,2019,30000,Manual,766,Diesel,145.0,42.8,2.0,skoda
 Octavia,2019,16500,Manual,4301,Petrol,145.0,60.1,1.0,skoda
 Scala,2019,18000,Semi-Auto,1211,Petrol,145.0,45.6,1.5,skoda
 Superb,2019,17498,Semi-Auto,14831,Petrol,145.0,36.7,1.5,skoda
 Octavia,2015,9498,Manual,46709,Diesel,20.0,68.9,2.0,skoda
 Kodiaq,2017,19498,Automatic,17984,Diesel,145.0,56.5,2.0,skoda
 Fabia,2016,9655,Manual,14946,Petrol,20.0,60.1,1.2,skoda
 Octavia,2017,11903,Manual,30465,Petrol,145.0,54.3,1.4,skoda
 Citigo,2016,5967,Manual,42877,Petrol,20.0,62.8,1.0,skoda
 Kodiaq,2019,24798,Automatic,9049,Diesel,145.0,42.2,2.0,skoda
 Superb,2019,18498,Manual,20632,Diesel,145.0,64.2,2.0,skoda
 Fabia,2017,8600,Manual,12141,Petrol,150.0,60.1,1.2,skoda
 Fabia,2016,5998,Manual,43562,Petrol,20.0,60.1,1.0,skoda
 Kodiaq,2019,25998,Manual,2422,Diesel,145.0,52.3,2.0,skoda
 Octavia,2017,10498,Manual,48067,Diesel,0.0,74.3,1.6,skoda
 Octavia,2019,12798,Semi-Auto,13763,Petrol,145.0,61.4,1.0,skoda
 Yeti Outdoor,2017,12998,Semi-Auto,18166,Petrol,125.0,51.4,1.2,skoda
 Octavia,2014,8498,Manual,52847,Diesel,20.0,68.9,2.0,skoda
 Octavia,2016,10498,Manual,39711,Diesel,20.0,70.6,2.0,skoda
 Superb,2019,16498,Manual,50,Petrol,145.0,40.9,1.5,skoda
 Octavia,2019,17998,Semi-Auto,50,Petrol,145.0,47.9,2.0,skoda
 Octavia,2019,18498,Semi-Auto,50,Diesel,145.0,67.3,2.0,skoda
 Kodiaq,2017,23498,Automatic,17816,Petrol,145.0,44.8,1.4,skoda
 Octavia,2019,23998,Semi-Auto,50,Petrol,145.0,47.9,2.0,skoda
 Superb,2016,11698,Semi-Auto,54745,Diesel,30.0,62.8,2.0,skoda
 Karoq,2019,18222,Manual,5773,Diesel,145.0,42.8,2.0,skoda
 Octavia,2019,19785,Automatic,7044,Petrol,145.0,35.8,2.0,skoda
 Superb,2020,29874,Semi-Auto,150,Petrol,145.0,38.7,2.0,skoda
 Scala,2020,16957,Manual,1652,Diesel,145.0,57.7,1.6,skoda
 Karoq,2020,19541,Manual,652,Petrol,145.0,43.5,1.0,skoda
 Superb,2020,31736,Semi-Auto,150,Diesel,145.0,47.1,2.0,skoda
 Octavia,2020,19819,Semi-Auto,1652,Diesel,145.0,54.3,2.0,skoda
 Superb,2019,21998,Semi-Auto,1989,Diesel,150.0,47.9,1.6,skoda
 Superb,2016,12998,Manual,31315,Diesel,20.0,68.9,2.0,skoda
 Yeti Outdoor,2017,12789,Manual,21803,Diesel,30.0,62.8,2.0,skoda
 Fabia,2016,6934,Manual,32513,Petrol,20.0,60.1,1.2,skoda
 Citigo,2017,7999,Manual,6918,Petrol,0.0,68.9,1.0,skoda
 Fabia,2019,11980,Manual,14548,Petrol,145.0,61.4,1.0,skoda
 Octavia,2015,14577,Manual,30959,Diesel,30.0,62.8,2.0,skoda
 Kodiaq,2019,21798,Automatic,16004,Petrol,145.0,34.0,1.5,skoda
 Karoq,2019,20498,Manual,101,Diesel,150.0,50.4,2.0,skoda
 Citigo,2016,6698,Manual,15118,Petrol,20.0,62.8,1.0,skoda
 Octavia,2016,11298,Manual,22044,Petrol,30.0,55.4,1.4,skoda
 Superb,2016,14698,Manual,26406,Diesel,20.0,68.9,2.0,skoda
 Superb,2017,14498,Semi-Auto,19674,Diesel,145.0,70.6,1.6,skoda
 Superb,2015,12998,Manual,43865,Diesel,20.0,67.3,2.0,skoda
 Octavia,2017,11998,Semi-Auto,18182,Diesel,145.0,72.4,1.6,skoda
 Octavia,2019,13298,Semi-Auto,17570,Diesel,145.0,72.4,1.6,skoda
 Kodiaq,2019,21798,Automatic,14971,Petrol,145.0,34.0,1.5,skoda
 Octavia,2018,12998,Manual,9501,Petrol,145.0,60.1,1.0,skoda
 Octavia,2016,10710,Semi-Auto,46770,Diesel,30.0,64.2,2.0,skoda
 Superb,2016,14998,Manual,19932,Diesel,20.0,68.9,2.0,skoda
 Superb,2016,11398,Manual,58222,Diesel,0.0,76.4,1.6,skoda
 Fabia,2015,7400,Manual,32624,Diesel,0.0,83.1,1.4,skoda
 Yeti Outdoor,2017,14498,Semi-Auto,13292,Petrol,125.0,51.4,1.2,skoda
 Superb,2018,20498,Semi-Auto,13777,Petrol,145.0,43.5,2.0,skoda
 Octavia,2016,10498,Semi-Auto,35013,Petrol,30.0,58.9,1.4,skoda
 Octavia,2017,12998,Semi-Auto,36620,Diesel,145.0,62.8,2.0,skoda
 Octavia,2016,10998,Manual,40211,Petrol,30.0,54.3,1.4,skoda
 Fabia,2015,7498,Manual,45262,Diesel,0.0,80.7,1.4,skoda
 Octavia,2018,11998,Manual,21831,Diesel,150.0,68.9,1.6,skoda
 Citigo,2016,6298,Manual,27122,Petrol,0.0,68.9,1.0,skoda
 Octavia,2016,8998,Manual,41649,Diesel,0.0,74.3,1.6,skoda
 Octavia,2019,13398,Manual,15938,Petrol,145.0,60.1,1.0,skoda
 Fabia,2019,9398,Manual,12089,Petrol,145.0,57.7,1.0,skoda
 Superb,2019,21998,Semi-Auto,6299,Petrol,145.0,36.7,1.5,skoda
 Octavia,2016,12387,Manual,46557,Diesel,30.0,64.2,2.0,skoda
 Octavia,2018,12297,Manual,15740,Petrol,145.0,58.9,1.0,skoda
 Karoq,2018,17510,Automatic,14360,Petrol,145.0,54.3,1.0,skoda
 Fabia,2016,8557,Manual,17228,Petrol,20.0,60.1,1.2,skoda
 Octavia,2016,15516,Semi-Auto,30738,Diesel,125.0,56.5,2.0,skoda
 Karoq,2018,19911,Automatic,11615,Petrol,145.0,51.4,1.5,skoda
 Fabia,2017,10214,Semi-Auto,21419,Petrol,145.0,60.1,1.2,skoda
 Yeti Outdoor,2016,9679,Manual,66677,Diesel,145.0,53.3,2.0,skoda
 Kodiaq,2018,18043,Manual,9044,Petrol,145.0,46.3,1.4,skoda
 Scala,2019,15495,Manual,1813,Diesel,145.0,57.7,1.6,skoda
 Superb,2019,21995,Automatic,2000,Diesel,145.0,49.6,1.6,skoda
 Octavia,2019,13898,Semi-Auto,15687,Petrol,145.0,61.4,1.0,skoda
 Octavia,2019,13398,Manual,14108,Petrol,145.0,60.1,1.0,skoda
 Fabia,2018,9298,Manual,6108,Petrol,145.0,57.7,1.0,skoda
 Octavia,2018,13498,Manual,15394,Diesel,145.0,67.3,1.6,skoda
 Octavia,2018,13598,Manual,13730,Diesel,145.0,67.3,1.6,skoda
 Octavia,2019,13498,Manual,14385,Petrol,145.0,60.1,1.0,skoda
 Fabia,2019,8898,Manual,11427,Petrol,145.0,57.7,1.0,skoda
 Octavia,2019,14898,Semi-Auto,18071,Diesel,145.0,70.6,1.6,skoda
 Kodiaq,2019,24498,Automatic,16091,Diesel,145.0,42.2,2.0,skoda
 Scala,2019,18995,Automatic,1500,Petrol,145.0,47.1,1.0,skoda
 Scala,2019,17995,Manual,2000,Diesel,145.0,57.7,1.6,skoda
 Scala,2019,16295,Manual,100,Diesel,145.0,57.7,1.6,skoda
 Octavia,2017,12095,Manual,11354,Petrol,145.0,58.9,1.0,skoda
 Octavia,2019,14295,Manual,7600,Petrol,145.0,60.1,1.0,skoda
 Kodiaq,2019,31995,Automatic,7500,Diesel,145.0,37.2,2.0,skoda
 Citigo,2019,9295,Manual,4163,Petrol,145.0,67.3,1.0,skoda
 Octavia,2017,9895,Manual,41116,Petrol,150.0,58.9,1.0,skoda
 Fabia,2019,8898,Manual,10450,Petrol,145.0,57.7,1.0,skoda
 Superb,2015,14998,Semi-Auto,24617,Diesel,30.0,62.8,2.0,skoda
 Fabia,2017,11698,Semi-Auto,6429,Petrol,20.0,60.1,1.2,skoda
 Citigo,2014,4698,Manual,54917,Petrol,20.0,62.8,1.0,skoda
 Fabia,2016,7998,Manual,29947,Petrol,20.0,60.1,1.2,skoda
 Citigo,2014,3998,Manual,63589,Petrol,20.0,62.8,1.0,skoda
 Octavia,2018,12498,Manual,8356,Petrol,145.0,60.1,1.0,skoda
 Octavia,2019,14898,Semi-Auto,13845,Diesel,145.0,70.6,1.6,skoda
 Superb,2020,28785,Semi-Auto,1548,Hybrid,135.0,188.3,1.4,skoda
 Fabia,2019,11291,Manual,1470,Petrol,145.0,61.4,1.0,skoda
 Fabia,2017,10385,Semi-Auto,27093,Petrol,145.0,61.4,1.0,skoda
 Octavia,2015,12485,Manual,51015,Diesel,30.0,64.2,2.0,skoda
 Octavia,2019,13998,Manual,11739,Diesel,145.0,68.9,1.6,skoda
 Octavia,2018,13498,Manual,17504,Diesel,145.0,67.3,1.6,skoda
 Yeti,2016,9998,Manual,36761,Diesel,30.0,62.8,2.0,skoda
 Citigo,2017,8995,Automatic,8167,Petrol,150.0,64.2,1.0,skoda
 Kodiaq,2017,16495,Manual,20922,Petrol,150.0,46.3,1.4,skoda
 Fabia,2017,8295,Manual,5436,Petrol,150.0,60.1,1.2,skoda
 Octavia,2018,13498,Manual,17858,Diesel,145.0,67.3,1.6,skoda
 Fabia,2018,7318,Manual,20236,Petrol,150.0,64.2,1.0,skoda
 Octavia,2019,23416,Semi-Auto,4718,Petrol,145.0,38.2,2.0,skoda
 Yeti,2014,11440,Semi-Auto,14569,Petrol,160.0,44.8,1.2,skoda
 Octavia,2014,10990,Semi-Auto,49999,Petrol,30.0,56.5,1.4,skoda
 Fabia,2017,9500,Semi-Auto,17131,Petrol,145.0,61.4,1.0,skoda
 Citigo,2016,5999,Manual,21747,Petrol,20.0,62.8,1.0,skoda
 Fabia,2017,9232,Semi-Auto,42530,Petrol,20.0,60.1,1.2,skoda
 I20,2017,7999,Manual,17307,Petrol,145.0,58.9,1.2,Hyundai
 Tucson,2016,14499,Automatic,25233,Diesel,235.0,43.5,2.0,Hyundai
 Tucson,2016,11399,Manual,37877,Diesel,30.0,61.7,1.7,Hyundai
 I10,2016,6499,Manual,23789,Petrol,20.0,60.1,1.0,Hyundai
 IX35,2015,10199,Manual,33177,Diesel,160.0,51.4,2.0,Hyundai
 I10,2015,6149,Manual,41650,Petrol,20.0,60.1,1.0,Hyundai
 I20,2015,6799,Manual,39547,Petrol,30.0,55.4,1.2,Hyundai
 Tucson,2016,14199,Automatic,30300,Diesel,125.0,57.6,1.7,Hyundai
 I30,2018,10399,Automatic,38082,Petrol,145.0,51.4,1.4,Hyundai
 Tucson,2016,12163,Manual,21014,Diesel,30.0,61.7,1.7,Hyundai
 Tucson,2017,13200,Manual,22888,Diesel,150.0,61.7,1.7,Hyundai
 I30,2017,10000,Manual,20000,Petrol,150.0,56.5,1.0,Hyundai
 I20,2015,6900,Manual,26413,Petrol,30.0,55.4,1.2,Hyundai
 Tucson,2019,17750,Manual,10000,Petrol,150.0,34.9,1.6,Hyundai
 Tucson,2017,14600,Semi-Auto,18626,Diesel,125.0,57.6,1.7,Hyundai
 I40,2015,8700,Manual,31979,Diesel,30.0,65.7,1.7,Hyundai
 Tucson,2017,13000,Manual,26685,Diesel,30.0,61.7,1.7,Hyundai
 I10,2018,7100,Manual,35000,Petrol,145.0,60.1,1.0,Hyundai
 I10,2016,7500,Manual,6000,Petrol,20.0,57.6,1.2,Hyundai
 Tucson,2017,12000,Manual,17059,Diesel,30.0,61.7,1.7,Hyundai
 Tucson,2017,11695,Manual,49174,Petrol,145.0,44.8,1.6,Hyundai
 I20,2015,7995,Manual,6413,Petrol,30.0,55.4,1.2,Hyundai
 Tucson,2015,10700,Manual,34177,Diesel,30.0,61.7,1.7,Hyundai
 I10,2016,8100,Manual,7447,Petrol,30.0,57.6,1.2,Hyundai
 IX35,2013,8200,Manual,34500,Diesel,145.0,53.3,1.7,Hyundai
 I10,2016,6600,Manual,16751,Petrol,30.0,57.6,1.2,Hyundai
 Tucson,2018,13900,Manual,16265,Petrol,150.0,44.8,1.6,Hyundai
 Tucson,2018,13700,Manual,19087,Petrol,145.0,44.8,1.6,Hyundai
 I30,2017,8300,Manual,38206,Diesel,145.0,78.4,1.6,Hyundai
 Tucson,2016,15800,Automatic,20025,Diesel,125.0,57.6,1.7,Hyundai
 Ioniq,2018,15000,Automatic,32227,Hybrid,135.0,78.5,1.6,Hyundai
 Tucson,2015,15200,Automatic,28904,Diesel,200.0,46.3,0.0,Hyundai
 I10,2014,7700,Automatic,8646,Petrol,160.0,45.6,0.0,Hyundai
 I30,2017,10500,Automatic,17663,Diesel,20.0,72.4,0.0,Hyundai
 I20,2017,11400,Automatic,12661,Petrol,145.0,44.1,0.0,Hyundai
 Kona,2018,12995,Manual,7359,Petrol,145.0,52.3,1.0,Hyundai
 Tucson,2019,18000,Manual,4353,Petrol,145.0,35.3,1.6,Hyundai
 I10,2018,9000,Manual,7126,Petrol,145.0,60.1,0.0,Hyundai
 Veloster,2014,8300,Manual,36324,Petrol,160.0,43.5,1.6,Hyundai
 I10,2018,8500,Manual,12948,Petrol,145.0,60.1,0.0,Hyundai
 I30,2019,14500,Manual,2481,Petrol,145.0,41.5,0.0,Hyundai
 Tucson,2016,13800,Manual,27311,Diesel,30.0,61.7,0.0,Hyundai
 I30,2016,9000,Manual,34443,Diesel,0.0,78.4,0.0,Hyundai
 Tucson,2017,13800,Manual,16961,Diesel,30.0,61.7,0.0,Hyundai
 Tucson,2017,14100,Manual,5067,Petrol,145.0,44.8,1.6,Hyundai
 I10,2013,5000,Manual,45230,Petrol,20.0,61.4,0.0,Hyundai
 I10,2018,10300,Manual,6349,Petrol,145.0,57.6,0.0,Hyundai
 I40,2015,11500,Manual,13268,Diesel,30.0,65.7,0.0,Hyundai
 I30,2016,9000,Manual,29610,Diesel,0.0,78.4,0.0,Hyundai
 IX35,2015,11400,Manual,23041,Diesel,165.0,51.4,0.0,Hyundai
 I20,2017,10000,Manual,21821,Petrol,145.0,61.4,0.0,Hyundai
 I10,2018,7800,Manual,17397,Petrol,150.0,60.1,0.0,Hyundai
 I10,2016,6300,Manual,31854,Petrol,20.0,60.1,0.0,Hyundai
 Tucson,2016,11300,Manual,37993,Diesel,30.0,61.7,0.0,Hyundai
 I800,2018,15500,Manual,30305,Diesel,145.0,31.7,0.0,Hyundai
 I20,2018,11700,Manual,3920,Petrol,150.0,46.3,0.0,Hyundai
 Tucson,2017,16800,Manual,21875,Petrol,145.0,38.7,1.6,Hyundai
 I10,2016,6500,Manual,27465,Petrol,20.0,60.1,1.0,Hyundai
 I10,2019,8600,Manual,4920,Petrol,145.0,60.1,1.0,Hyundai
 I30,2016,9400,Manual,18577,Petrol,145.0,48.7,1.4,Hyundai
 IX20,2013,6000,Manual,42320,Petrol,145.0,45.6,1.4,Hyundai
 Tucson,2017,15000,Manual,23310,Diesel,30.0,61.7,0.0,Hyundai
 Tucson,2019,15000,Manual,22397,Petrol,150.0,34.9,0.0,Hyundai
 Tucson,2019,16300,Manual,10066,Petrol,150.0,34.9,0.0,Hyundai
 I10,2018,8300,Manual,13148,Petrol,150.0,60.1,0.0,Hyundai
 I800,2019,18500,Manual,7691,Diesel,150.0,31.7,0.0,Hyundai
 Tucson,2016,12300,Manual,21898,Diesel,30.0,61.7,1.7,Hyundai
 I10,2016,6500,Manual,24740,Petrol,20.0,60.1,1.0,Hyundai
 I10,2014,5500,Manual,20127,Petrol,20.0,60.1,1.0,Hyundai
 I800,2018,15299,Automatic,34103,Diesel,145.0,33.6,2.5,Hyundai
 IX20,2016,9000,Manual,21152,Diesel,30.0,64.2,1.6,Hyundai
 I10,2017,7600,Manual,15618,Petrol,145.0,60.1,1.0,Hyundai
 I10,2017,7300,Manual,15594,Petrol,20.0,60.1,0.0,Hyundai
 I20,2015,7500,Manual,28123,Petrol,30.0,56.5,0.0,Hyundai
 Ioniq,2019,19800,Automatic,1963,Petrol,135.0,78.5,1.6,Hyundai
 I10,2015,7500,Manual,13637,Petrol,30.0,57.6,0.0,Hyundai
 Tucson,2017,15700,Automatic,7457,Diesel,125.0,57.6,0.0,Hyundai
 I20,2017,8500,Manual,16708,Petrol,145.0,58.9,0.0,Hyundai
 Tucson,2017,12000,Manual,2236,Petrol,160.0,44.8,1.6,Hyundai
 I30,2018,9299,Manual,21859,Petrol,145.0,56.5,1.0,Hyundai
 Tucson,2016,11599,Manual,31480,Diesel,30.0,61.7,1.7,Hyundai
 I10,2017,7000,Manual,31696,Petrol,145.0,57.7,1.2,Hyundai
 I10,2017,8000,Manual,16636,Petrol,145.0,60.1,0.0,Hyundai
 I20,2017,8600,Manual,19398,Petrol,30.0,58.9,0.0,Hyundai
 I30,2016,8900,Manual,18257,Diesel,0.0,78.4,1.6,Hyundai
 IX35,2014,9800,Manual,35541,Diesel,145.0,53.3,1.7,Hyundai
 I10,2015,6800,Manual,22211,Petrol,20.0,60.1,1.0,Hyundai
 I30,2018,11531,Automatic,35097,Petrol,145.0,51.4,1.4,Hyundai
 I40,2016,11400,Automatic,27712,Diesel,125.0,56.5,1.7,Hyundai
 IX20,2016,7194,Manual,27696,Petrol,125.0,50.4,1.4,Hyundai
 I10,2015,6500,Manual,12731,Petrol,30.0,57.6,1.2,Hyundai
 Tucson,2018,12556,Manual,20443,Petrol,145.0,44.8,1.6,Hyundai
 I10,2014,5644,Manual,40248,Petrol,20.0,60.1,1.0,Hyundai
 I10,2017,7799,Manual,21321,Petrol,145.0,57.7,1.2,Hyundai
 IX35,2011,6936,Manual,72436,Diesel,200.0,47.9,2.0,Hyundai
 I10,2018,9499,Automatic,8418,Petrol,145.0,47.9,1.2,Hyundai
 IX35,2012,5000,Manual,119050,Diesel,150.0,48.7,1.7,Hyundai
 I30,2018,9000,Manual,15804,Petrol,145.0,57.7,1.0,Hyundai
 I800,2017,13499,Automatic,44749,Diesel,145.0,33.6,2.5,Hyundai
 I10,2016,6000,Manual,23176,Petrol,30.0,57.6,1.2,Hyundai
 I10,2018,8495,Automatic,28889,Petrol,145.0,47.9,1.2,Hyundai
 I20,2019,11995,Manual,3300,Petrol,145.0,46.3,1.2,Hyundai
 I10,2018,6350,Manual,31738,Petrol,145.0,60.1,1.0,Hyundai
 I20,2019,11795,Manual,5409,Petrol,150.0,46.3,1.2,Hyundai
 Tucson,2016,13300,Manual,25071,Diesel,30.0,61.7,1.7,Hyundai
 Tucson,2018,13950,Manual,17427,Petrol,150.0,44.8,1.6,Hyundai
 Tucson,2019,15600,Manual,8000,Petrol,150.0,34.9,1.6,Hyundai
 Tucson,2016,12795,Manual,26804,Diesel,30.0,61.7,1.7,Hyundai
 I10,2014,6600,Manual,31090,Petrol,30.0,57.6,0.0,Hyundai
 Veloster,2012,6300,Manual,60200,Petrol,165.0,43.5,1.6,Hyundai
 Santa Fe,2014,15500,Automatic,37006,Diesel,265.0,41.5,2.2,Hyundai
 Tucson,2019,15400,Manual,12254,Petrol,150.0,34.9,1.6,Hyundai
 I30,2016,8900,Manual,17350,Petrol,145.0,48.7,1.4,Hyundai
 Tucson,2017,14100,Semi-Auto,27299,Diesel,145.0,57.6,1.7,Hyundai
 Tucson,2017,13100,Manual,21119,Diesel,30.0,61.7,1.7,Hyundai
 Tucson,2017,12600,Manual,36750,Diesel,30.0,61.7,1.7,Hyundai
 Tucson,2016,12950,Manual,37350,Diesel,125.0,58.9,2.0,Hyundai
 Tucson,2018,13300,Manual,29413,Petrol,150.0,44.8,1.6,Hyundai
 Tucson,2017,12700,Manual,33808,Diesel,30.0,61.7,1.7,Hyundai
 IX35,2015,9700,Manual,26564,Petrol,200.0,41.5,0.0,Hyundai
 IX35,2014,8700,Manual,54304,Diesel,145.0,53.3,0.0,Hyundai
 I20,2016,7500,Manual,41496,Petrol,30.0,56.5,0.0,Hyundai
 IX20,2014,6500,Manual,38601,Petrol,125.0,50.4,0.0,Hyundai
 I10,2017,7000,Manual,31232,Petrol,145.0,57.7,0.0,Hyundai
 I20,2019,12000,Manual,7061,Petrol,145.0,46.3,1.2,Hyundai
 I30,2015,8250,Manual,29980,Diesel,0.0,78.4,1.6,Hyundai
 I20,2017,7999,Manual,44120,Petrol,150.0,62.8,1.0,Hyundai
 IX35,2011,7799,Automatic,48528,Diesel,300.0,39.2,2.0,Hyundai
 Tucson,2016,14999,Automatic,20645,Diesel,205.0,47.1,2.0,Hyundai
 Santa Fe,2017,18999,Automatic,20599,Diesel,150.0,42.8,2.2,Hyundai
 I10,2012,3799,Manual,56582,Petrol,20.0,61.4,1.2,Hyundai
 I30,2015,7803,Manual,43022,Diesel,0.0,78.4,1.6,Hyundai
 Tucson,2016,12995,Manual,37688,Diesel,30.0,61.7,1.7,Hyundai
 Tucson,2016,16498,Automatic,12163,Diesel,200.0,46.3,2.0,Hyundai
 I30,2015,8998,Manual,16412,Petrol,145.0,48.7,1.4,Hyundai
 Kona,2019,14298,Manual,6874,Petrol,145.0,44.1,1.0,Hyundai
 IX35,2013,7298,Manual,50998,Diesel,145.0,48.7,1.7,Hyundai
 I10,2016,5998,Manual,41883,Petrol,30.0,57.6,1.2,Hyundai
 I30,2018,11998,Manual,5404,Diesel,145.0,74.3,1.6,Hyundai
 I800,2018,15998,Manual,36815,Diesel,145.0,28.0,2.5,Hyundai
 I10,2014,5498,Manual,13840,Petrol,20.0,60.1,1.0,Hyundai
 I30,2016,7498,Manual,56693,Diesel,0.0,78.4,1.6,Hyundai
 IX20,2015,6498,Manual,57819,Petrol,125.0,50.4,1.4,Hyundai
 Kona,2019,15498,Manual,5630,Petrol,145.0,44.1,1.0,Hyundai
 I20,2017,8498,Manual,19685,Petrol,145.0,58.9,1.2,Hyundai
 Tucson,2017,13698,Manual,17539,Diesel,30.0,61.7,1.7,Hyundai
 I10,2017,6998,Manual,39968,Petrol,145.0,57.7,1.2,Hyundai
 Tucson,2017,13998,Manual,21679,Diesel,30.0,61.7,1.7,Hyundai
 Tucson,2017,14498,Manual,9146,Diesel,150.0,61.7,1.7,Hyundai
 I800,2019,19998,Automatic,1477,Diesel,145.0,31.7,2.5,Hyundai
 Kona,2018,12498,Manual,12834,Petrol,145.0,52.3,1.0,Hyundai
 I40,2017,8998,Manual,59626,Diesel,150.0,67.3,1.7,Hyundai
 IX20,2016,8298,Manual,28355,Petrol,125.0,50.4,1.4,Hyundai
 Kona,2018,15995,Manual,23400,Petrol,145.0,52.3,1.0,Hyundai
 IX35,2015,9495,Manual,46000,Diesel,145.0,53.3,1.7,Hyundai
 I30,2018,8998,Manual,24070,Petrol,145.0,57.7,1.0,Hyundai
 I30,2019,14998,Manual,3010,Petrol,145.0,41.5,1.4,Hyundai
 I30,2019,14998,Manual,3303,Petrol,145.0,41.5,1.4,Hyundai
 Kona,2019,21998,Automatic,1391,Hybrid,135.0,52.3,1.6,Hyundai
 I20,2017,8998,Manual,16900,Petrol,145.0,55.4,1.2,Hyundai
 I40,2016,10998,Manual,29347,Diesel,30.0,65.7,1.7,Hyundai
 I20,2016,9498,Manual,17206,Petrol,30.0,58.9,1.0,Hyundai
 I10,2015,5998,Manual,8116,Petrol,20.0,60.1,1.0,Hyundai
 IX20,2015,7998,Manual,20077,Petrol,125.0,50.4,1.4,Hyundai
 I20,2017,7998,Manual,28502,Petrol,145.0,55.4,1.2,Hyundai
 I20,2015,7398,Manual,23656,Petrol,30.0,55.4,1.2,Hyundai
 I20,2015,6698,Manual,43795,Petrol,125.0,51.4,1.4,Hyundai
 I20,2017,8598,Manual,9392,Petrol,30.0,58.9,1.2,Hyundai
 I30,2019,23498,Manual,1437,Petrol,145.0,34.0,2.0,Hyundai
 Kona,2019,14998,Manual,2383,Petrol,145.0,44.1,1.0,Hyundai
 Santa Fe,2019,34998,Semi-Auto,4133,Diesel,145.0,39.2,2.2,Hyundai
 Santa Fe,2019,34998,Semi-Auto,4956,Diesel,145.0,39.2,2.2,Hyundai
 Tucson,2019,15998,Manual,3454,Petrol,145.0,35.3,1.6,Hyundai
 I30,2019,14998,Manual,3001,Petrol,145.0,41.5,1.4,Hyundai
 Tucson,2019,15498,Manual,14877,Petrol,150.0,34.9,1.6,Hyundai
 Tucson,2019,18998,Semi-Auto,3649,Petrol,150.0,36.2,1.6,Hyundai
 Tucson,2017,14498,Manual,12811,Diesel,150.0,61.7,1.7,Hyundai
 Tucson,2017,15298,Semi-Auto,19066,Diesel,150.0,57.6,1.7,Hyundai
 Tucson,2017,15998,Semi-Auto,11231,Diesel,150.0,57.6,1.7,Hyundai
 I10,2017,6498,Manual,23692,Petrol,20.0,60.1,1.0,Hyundai
 Santa Fe,2017,15998,Manual,48034,Diesel,205.0,47.1,2.2,Hyundai
 Tucson,2016,12498,Manual,41953,Diesel,30.0,61.7,1.7,Hyundai
 IX20,2014,5998,Manual,42386,Diesel,30.0,64.2,1.6,Hyundai
 Tucson,2018,16500,Manual,12875,Petrol,145.0,38.7,1.6,Hyundai
 Santa Fe,2015,16998,Semi-Auto,38514,Diesel,265.0,42.2,2.2,Hyundai
 Tucson,2016,10998,Manual,20258,Petrol,160.0,44.8,1.6,Hyundai
 Tucson,2017,15998,Semi-Auto,12150,Diesel,145.0,57.6,1.7,Hyundai
 Tucson,2016,18698,Automatic,14884,Diesel,235.0,43.5,2.0,Hyundai
 Tucson,2017,11498,Manual,35213,Diesel,145.0,61.7,1.7,Hyundai
 Tucson,2018,14998,Manual,7482,Petrol,145.0,44.8,1.6,Hyundai